{
  "type": "FeatureCollection",
  "features": [
    {
      "type": "Feature",
      "geometry": {
        "type": "LineString",
        "coordinates": [
          [
            26.829791,
            45.143735
          ],
          [
            26.789244,
            45.13629
          ],
          [
            26.651517,
            45.081538
          ],
          [
            26.638682,
            45.081659
          ],
          [
            26.612245,
            45.091944
          ],
          [
            26.60916,
            45.093861
          ],
          [
            26.601128,
            45.099207
          ],
          [
            26.59341,
            45.098435
          ],
          [
            26.587143,
            45.097087
          ],
          [
            26.578433,
            45.093251
          ]
        ]
      },
      "properties": {
        "route_id": "001",
        "route_short_name": "001",
        "route_long_name": "Buzău Autogara Sud - Pietroasele",
        "stroke": "#e6194b",
        "stroke-width": 2,
        "stroke-opacity": 0.8
      }
    },
    {
      "type": "Feature",
      "geometry": {
        "type": "LineString",
        "coordinates": [
          [
            26.829791,
            45.143735
          ],
          [
            26.789244,
            45.13629
          ],
          [
            26.695346,
            45.100967
          ],
          [
            26.651517,
            45.081538
          ],
          [
            26.638682,
            45.081659
          ],
          [
            26.612245,
            45.091944
          ],
          [
            26.60916,
            45.093861
          ],
          [
            26.601128,
            45.099207
          ],
          [
            26.59341,
            45.098435
          ],
          [
            26.587143,
            45.097087
          ],
          [
            26.578433,
            45.093251
          ],
          [
            26.573016,
            45.090495
          ],
          [
            26.575708,
            45.086203
          ],
          [
            26.54489,
            45.075938
          ],
          [
            26.538483,
            45.083565
          ],
          [
            26.533369,
            45.085889
          ],
          [
            26.528573,
            45.09179
          ],
          [
            26.520236,
            45.097283
          ]
        ]
      },
      "properties": {
        "route_id": "002",
        "route_short_name": "002",
        "route_long_name": "Buzău Autogara Sud - Vispeşti",
        "stroke": "#3cb44b",
        "stroke-width": 2,
        "stroke-opacity": 0.8
      }
    },
    {
      "type": "Feature",
      "geometry": {
        "type": "LineString",
        "coordinates": [
          [
            26.829791,
            45.143735
          ],
          [
            26.789244,
            45.13629
          ],
          [
            26.695346,
            45.100967
          ],
          [
            26.692477,
            45.115814
          ],
          [
            26.686446,
            45.124632
          ],
          [
            26.674788,
            45.131612
          ],
          [
            26.655311,
            45.113352
          ],
          [
            26.632123,
            45.11153
          ],
          [
            26.612084,
            45.098193
          ],
          [
            26.613695,
            45.096207
          ],
          [
            26.612245,
            45.091944
          ],
          [
            26.60916,
            45.093861
          ],
          [
            26.601128,
            45.099207
          ],
          [
            26.59341,
            45.098435
          ],
          [
            26.587143,
            45.097087
          ],
          [
            26.578433,
            45.093251
          ],
          [
            26.573016,
            45.090495
          ],
          [
            26.575708,
            45.086203
          ],
          [
            26.54489,
            45.075938
          ],
          [
            26.538483,
            45.083565
          ],
          [
            26.533369,
            45.085889
          ],
          [
            26.528573,
            45.09179
          ],
          [
            26.520236,
            45.097283
          ],
          [
            26.506291,
            45.092016
          ],
          [
            26.492266,
            45.093212
          ]
        ]
      },
      "properties": {
        "route_id": "003",
        "route_short_name": "003",
        "route_long_name": "Buzău Autogara Sud - Năeni",
        "stroke": "#4363d8",
        "stroke-width": 2,
        "stroke-opacity": 0.8
      }
    },
    {
      "type": "Feature",
      "geometry": {
        "type": "LineString",
        "coordinates": [
          [
            26.789244,
            45.13629
          ],
          [
            26.789244,
            45.13629
          ],
          [
            26.695346,
            45.100967
          ],
          [
            26.651517,
            45.081538
          ],
          [
            26.638682,
            45.081659
          ],
          [
            26.566568,
            45.053717
          ],
          [
            26.519526,
            45.033972
          ],
          [
            26.512655,
            45.042312
          ],
          [
            26.492266,
            45.093212
          ],
          [
            26.482562,
            45.094897
          ],
          [
            26.464347,
            45.088153
          ]
        ]
      },
      "properties": {
        "route_id": "004",
        "route_short_name": "004",
        "route_long_name": "Buzău Autogara Marghiloman - Finţeşti",
        "stroke": "#f58231",
        "stroke-width": 2,
        "stroke-opacity": 0.8
      }
    },
    {
      "type": "Feature",
      "geometry": {
        "type": "LineString",
        "coordinates": [
          [
            26.829791,
            45.143735
          ],
          [
            26.812417,
            45.142565
          ],
          [
            26.695346,
            45.100967
          ],
          [
            26.651517,
            45.081538
          ],
          [
            26.648366,
            45.082824
          ],
          [
            26.638682,
            45.081659
          ],
          [
            26.605583,
            45.060348
          ],
          [
            26.605583,
            45.060348
          ],
          [
            26.605583,
            45.060348
          ]
        ]
      },
      "properties": {
        "route_id": "005",
        "route_short_name": "005",
        "route_long_name": "Buzău Autogara Sud - Clondiru",
        "stroke": "#911eb4",
        "stroke-width": 2,
        "stroke-opacity": 0.8
      }
    },
    {
      "type": "Feature",
      "geometry": {
        "type": "LineString",
        "coordinates": [
          [
            26.829791,
            45.143735
          ],
          [
            26.812417,
            45.142565
          ],
          [
            26.695346,
            45.100967
          ],
          [
            26.651517,
            45.081538
          ],
          [
            26.638682,
            45.081659
          ],
          [
            26.566568,
            45.053717
          ],
          [
            26.585915,
            45.014817
          ],
          [
            26.578996,
            44.981547
          ]
        ]
      },
      "properties": {
        "route_id": "006",
        "route_short_name": "006",
        "route_long_name": "Buzău Autogara Sud - Vintileanca",
        "stroke": "#42d4f4",
        "stroke-width": 2,
        "stroke-opacity": 0.8
      }
    },
    {
      "type": "Feature",
      "geometry": {
        "type": "LineString",
        "coordinates": [
          [
            26.829791,
            45.143735
          ],
          [
            26.812417,
            45.142565
          ],
          [
            26.824718,
            45.143165
          ],
          [
            26.778792,
            45.092306
          ],
          [
            26.776995,
            45.087281
          ],
          [
            26.765161,
            45.054552
          ],
          [
            26.785702,
            45.043642
          ]
        ]
      },
      "properties": {
        "route_id": "007",
        "route_short_name": "007",
        "route_long_name": "Autogara Sud - Buzău",
        "stroke": "#f032e6",
        "stroke-width": 2,
        "stroke-opacity": 0.8
      }
    },
    {
      "type": "Feature",
      "geometry": {
        "type": "LineString",
        "coordinates": [
          [
            26.829791,
            45.143735
          ],
          [
            26.812417,
            45.142565
          ],
          [
            26.824718,
            45.143165
          ],
          [
            26.778792,
            45.092306
          ],
          [
            26.776995,
            45.087281
          ],
          [
            26.765161,
            45.054552
          ],
          [
            26.758841,
            45.047454
          ],
          [
            26.791595,
            45.025251
          ],
          [
            26.797599,
            45.026569
          ],
          [
            26.807697,
            45.021137
          ],
          [
            26.830481,
            45.013215
          ],
          [
            26.859047,
            44.99658
          ]
        ]
      },
      "properties": {
        "route_id": "008",
        "route_short_name": "008",
        "route_long_name": "Autogara Sud - Buzău",
        "stroke": "#9a6324",
        "stroke-width": 2,
        "stroke-opacity": 0.8
      }
    },
    {
      "type": "Feature",
      "geometry": {
        "type": "LineString",
        "coordinates": [
          [
            26.829791,
            45.143735
          ],
          [
            26.812417,
            45.142565
          ],
          [
            26.824718,
            45.143165
          ],
          [
            26.778792,
            45.092306
          ],
          [
            26.776995,
            45.087281
          ],
          [
            26.765161,
            45.054552
          ],
          [
            26.758841,
            45.047454
          ],
          [
            26.716266,
            44.987528
          ],
          [
            26.701968,
            44.953462
          ],
          [
            26.688928,
            44.91728
          ],
          [
            26.688928,
            44.91728
          ],
          [
            26.688928,
            44.91728
          ],
          [
            26.688928,
            44.91728
          ]
        ]
      },
      "properties": {
        "route_id": "009",
        "route_short_name": "009",
        "route_long_name": "Autogara Sud - Buzău",
        "stroke": "#469990",
        "stroke-width": 2,
        "stroke-opacity": 0.8
      }
    },
    {
      "type": "Feature",
      "geometry": {
        "type": "LineString",
        "coordinates": [
          [
            26.829791,
            45.143735
          ],
          [
            26.789244,
            45.13629
          ],
          [
            26.824718,
            45.143165
          ],
          [
            26.778792,
            45.092306
          ],
          [
            26.776995,
            45.087281
          ],
          [
            26.765161,
            45.054552
          ],
          [
            26.758841,
            45.047454
          ],
          [
            26.716266,
            44.987528
          ],
          [
            26.701968,
            44.953462
          ],
          [
            26.688928,
            44.91728
          ],
          [
            26.688928,
            44.91728
          ],
          [
            26.688928,
            44.91728
          ]
        ]
      },
      "properties": {
        "route_id": "010",
        "route_short_name": "010",
        "route_long_name": "Autogara Sud - Buzău",
        "stroke": "#800000",
        "stroke-width": 2,
        "stroke-opacity": 0.8
      }
    },
    {
      "type": "Feature",
      "geometry": {
        "type": "LineString",
        "coordinates": [
          [
            26.829791,
            45.143735
          ],
          [
            26.812417,
            45.142565
          ],
          [
            26.824718,
            45.143165
          ],
          [
            26.778792,
            45.092306
          ],
          [
            26.776995,
            45.087281
          ],
          [
            26.765161,
            45.054552
          ],
          [
            26.758841,
            45.047454
          ],
          [
            26.716266,
            44.987528
          ],
          [
            26.689238,
            44.989407
          ],
          [
            26.685913,
            44.985287
          ],
          [
            26.681875,
            44.974244
          ],
          [
            26.630563,
            44.968363
          ],
          [
            26.704486,
            45.253006
          ],
          [
            26.689339,
            45.098674
          ],
          [
            26.663501,
            45.366813
          ],
          [
            26.689339,
            45.098674
          ],
          [
            26.704486,
            45.253006
          ],
          [
            26.704486,
            45.253006
          ]
        ]
      },
      "properties": {
        "route_id": "011",
        "route_short_name": "011",
        "route_long_name": "Autogara Sud - Buzău",
        "stroke": "#808000",
        "stroke-width": 2,
        "stroke-opacity": 0.8
      }
    },
    {
      "type": "Feature",
      "geometry": {
        "type": "LineString",
        "coordinates": [
          [
            26.829791,
            45.143735
          ],
          [
            26.789244,
            45.13629
          ],
          [
            26.824718,
            45.143165
          ],
          [
            26.778792,
            45.092306
          ],
          [
            26.776995,
            45.087281
          ],
          [
            26.765161,
            45.054552
          ],
          [
            26.758841,
            45.047454
          ],
          [
            26.716266,
            44.987528
          ],
          [
            26.701968,
            44.953462
          ],
          [
            26.688928,
            44.91728
          ],
          [
            26.687277,
            44.881458
          ],
          [
            26.687277,
            44.881458
          ],
          [
            26.687277,
            44.881458
          ],
          [
            26.687277,
            44.881458
          ]
        ]
      },
      "properties": {
        "route_id": "012",
        "route_short_name": "012",
        "route_long_name": "Autogara Sud - Buzău",
        "stroke": "#dcbeff",
        "stroke-width": 2,
        "stroke-opacity": 0.8
      }
    },
    {
      "type": "Feature",
      "geometry": {
        "type": "LineString",
        "coordinates": [
          [
            26.789244,
            45.13629
          ],
          [
            26.789244,
            45.13629
          ],
          [
            26.824718,
            45.143165
          ],
          [
            26.778792,
            45.092306
          ],
          [
            26.776995,
            45.087281
          ],
          [
            26.765161,
            45.054552
          ],
          [
            26.758841,
            45.047454
          ],
          [
            26.716266,
            44.987528
          ],
          [
            26.701968,
            44.953462
          ],
          [
            26.688928,
            44.91728
          ],
          [
            26.687277,
            44.881458
          ],
          [
            26.687277,
            44.881458
          ],
          [
            26.687277,
            44.881458
          ],
          [
            26.687277,
            44.881458
          ],
          [
            26.687277,
            44.881458
          ],
          [
            26.687277,
            44.881458
          ],
          [
            26.687277,
            44.881458
          ],
          [
            26.687277,
            44.881458
          ],
          [
            26.687277,
            44.881458
          ]
        ]
      },
      "properties": {
        "route_id": "013",
        "route_short_name": "013",
        "route_long_name": "Buzău Autgara Sud - Satu Nou",
        "stroke": "#aaffc3",
        "stroke-width": 2,
        "stroke-opacity": 0.8
      }
    },
    {
      "type": "Feature",
      "geometry": {
        "type": "LineString",
        "coordinates": [
          [
            26.829791,
            45.143735
          ],
          [
            26.789244,
            45.13629
          ],
          [
            26.767301,
            45.12836
          ],
          [
            26.855816,
            45.050905
          ],
          [
            26.859047,
            44.99658
          ],
          [
            26.870922,
            44.992338
          ],
          [
            26.889564,
            44.99602
          ],
          [
            26.925491,
            44.990419
          ],
          [
            26.948663,
            44.964522
          ],
          [
            26.986168,
            44.918215
          ],
          [
            26.986168,
            44.918215
          ],
          [
            26.986168,
            44.918215
          ],
          [
            26.986168,
            44.918215
          ],
          [
            26.986168,
            44.918215
          ],
          [
            26.986168,
            44.918215
          ],
          [
            26.986168,
            44.918215
          ]
        ]
      },
      "properties": {
        "route_id": "014",
        "route_short_name": "014",
        "route_long_name": "Buzău Autogara Sud - Brăgăreasa",
        "stroke": "#fabed4",
        "stroke-width": 2,
        "stroke-opacity": 0.8
      }
    },
    {
      "type": "Feature",
      "geometry": {
        "type": "LineString",
        "coordinates": [
          [
            26.829791,
            45.143735
          ],
          [
            26.789244,
            45.13629
          ],
          [
            26.767301,
            45.12836
          ],
          [
            26.855816,
            45.050905
          ],
          [
            26.859047,
            44.99658
          ],
          [
            26.859047,
            44.99658
          ],
          [
            26.859047,
            44.99658
          ],
          [
            26.859047,
            44.99658
          ],
          [
            26.859047,
            44.99658
          ],
          [
            26.986168,
            44.918215
          ],
          [
            26.986168,
            44.918215
          ],
          [
            26.986168,
            44.918215
          ],
          [
            26.986168,
            44.918215
          ],
          [
            26.859047,
            44.99658
          ]
        ]
      },
      "properties": {
        "route_id": "015",
        "route_short_name": "015",
        "route_long_name": "Buzău Autogara Sud - Arcanu",
        "stroke": "#bfef45",
        "stroke-width": 2,
        "stroke-opacity": 0.8
      }
    },
    {
      "type": "Feature",
      "geometry": {
        "type": "LineString",
        "coordinates": [
          [
            26.829791,
            45.143735
          ],
          [
            26.789244,
            45.13629
          ],
          [
            26.767301,
            45.12836
          ],
          [
            26.855816,
            45.050905
          ],
          [
            26.859047,
            44.99658
          ],
          [
            26.870922,
            44.992338
          ],
          [
            26.889564,
            44.99602
          ],
          [
            26.925491,
            44.990419
          ],
          [
            26.948663,
            44.964522
          ],
          [
            26.986168,
            44.918215
          ],
          [
            26.986168,
            44.918215
          ],
          [
            26.986168,
            44.918215
          ],
          [
            26.986168,
            44.918215
          ],
          [
            26.986168,
            44.918215
          ],
          [
            26.986168,
            44.918215
          ],
          [
            26.986168,
            44.918215
          ]
        ]
      },
      "properties": {
        "route_id": "016",
        "route_short_name": "016",
        "route_long_name": "Buzău Autogara Sud - Padina",
        "stroke": "#e6194b",
        "stroke-width": 2,
        "stroke-opacity": 0.8
      }
    },
    {
      "type": "Feature",
      "geometry": {
        "type": "LineString",
        "coordinates": [
          [
            26.829791,
            45.143735
          ],
          [
            26.845144,
            45.142379
          ],
          [
            26.852487,
            45.137336
          ],
          [
            26.939516,
            45.079229
          ],
          [
            26.972864,
            45.066133
          ],
          [
            27.014122,
            45.0673
          ],
          [
            27.043686,
            45.062116
          ],
          [
            27.065294,
            45.060185
          ],
          [
            27.134212,
            45.048665
          ],
          [
            27.164784,
            45.047397
          ],
          [
            27.196018,
            45.047643
          ],
          [
            27.164784,
            45.047397
          ],
          [
            27.148406,
            45.00905
          ],
          [
            26.357359,
            45.295068
          ]
        ]
      },
      "properties": {
        "route_id": "017",
        "route_short_name": "017",
        "route_long_name": "Buzău Autogara Sud - Lunca",
        "stroke": "#3cb44b",
        "stroke-width": 2,
        "stroke-opacity": 0.8
      }
    },
    {
      "type": "Feature",
      "geometry": {
        "type": "LineString",
        "coordinates": [
          [
            26.829791,
            45.143735
          ],
          [
            26.845144,
            45.142379
          ],
          [
            26.852487,
            45.137336
          ],
          [
            26.939516,
            45.079229
          ],
          [
            26.972864,
            45.066133
          ],
          [
            27.014122,
            45.0673
          ],
          [
            27.043686,
            45.062116
          ],
          [
            27.065294,
            45.060185
          ],
          [
            27.021695,
            45.043165
          ],
          [
            26.894117,
            45.108804
          ],
          [
            26.842205,
            45.144406
          ],
          [
            26.831975,
            45.152197
          ],
          [
            26.816981,
            45.157846
          ],
          [
            26.771629,
            45.200096
          ],
          [
            26.759967,
            45.209379
          ],
          [
            26.751818,
            45.218207
          ],
          [
            26.761113,
            45.254901
          ],
          [
            26.761113,
            45.254901
          ],
          [
            26.761113,
            45.254901
          ],
          [
            26.761113,
            45.254901
          ],
          [
            26.761113,
            45.254901
          ]
        ]
      },
      "properties": {
        "route_id": "018",
        "route_short_name": "018",
        "route_long_name": "Buzău Autogara Sud - Ruşeţu",
        "stroke": "#4363d8",
        "stroke-width": 2,
        "stroke-opacity": 0.8
      }
    },
    {
      "type": "Feature",
      "geometry": {
        "type": "LineString",
        "coordinates": [
          [
            26.829791,
            45.143735
          ],
          [
            26.789244,
            45.13629
          ],
          [
            26.767301,
            45.12836
          ],
          [
            26.855816,
            45.050905
          ],
          [
            26.859047,
            44.99658
          ],
          [
            26.870922,
            44.992338
          ],
          [
            26.889564,
            44.99602
          ],
          [
            26.925491,
            44.990419
          ],
          [
            26.948663,
            44.964522
          ],
          [
            26.986168,
            44.918215
          ],
          [
            26.986168,
            44.918215
          ],
          [
            26.986168,
            44.918215
          ],
          [
            26.918385,
            45.092117
          ],
          [
            26.894117,
            45.108804
          ],
          [
            26.842205,
            45.144406
          ],
          [
            26.831975,
            45.152197
          ],
          [
            26.816981,
            45.157846
          ],
          [
            26.771629,
            45.200096
          ],
          [
            26.759967,
            45.209379
          ],
          [
            26.751818,
            45.218207
          ],
          [
            26.761113,
            45.254901
          ],
          [
            26.761113,
            45.254901
          ],
          [
            26.761113,
            45.254901
          ]
        ]
      },
      "properties": {
        "route_id": "019",
        "route_short_name": "019",
        "route_long_name": "Buzău Autogara Sud - Ruşeţu",
        "stroke": "#f58231",
        "stroke-width": 2,
        "stroke-opacity": 0.8
      }
    },
    {
      "type": "Feature",
      "geometry": {
        "type": "LineString",
        "coordinates": [
          [
            26.81472,
            45.162507
          ],
          [
            26.861206,
            45.219138
          ],
          [
            26.867753,
            45.235836
          ],
          [
            26.928751,
            45.2095
          ],
          [
            26.800402,
            45.171166
          ],
          [
            26.770436,
            45.17552
          ],
          [
            26.749431,
            45.185854
          ],
          [
            26.58317,
            45.285317
          ],
          [
            26.551932,
            45.292147
          ],
          [
            26.512536,
            45.328096
          ],
          [
            26.48784,
            45.373967
          ],
          [
            26.490912,
            45.381447
          ],
          [
            27.125465,
            45.248415
          ],
          [
            27.136092,
            45.24855
          ]
        ]
      },
      "properties": {
        "route_id": "021",
        "route_short_name": "021",
        "route_long_name": "Autogara XXL - Buzău",
        "stroke": "#911eb4",
        "stroke-width": 2,
        "stroke-opacity": 0.8
      }
    },
    {
      "type": "Feature",
      "geometry": {
        "type": "LineString",
        "coordinates": [
          [
            26.81472,
            45.162507
          ],
          [
            26.867753,
            45.235836
          ],
          [
            27.051104,
            45.388248
          ]
        ]
      },
      "properties": {
        "route_id": "022",
        "route_short_name": "022",
        "route_long_name": "Buzău Autogara XXL - Rm. Sărat Autogara Valman Tur",
        "stroke": "#42d4f4",
        "stroke-width": 2,
        "stroke-opacity": 0.8
      }
    },
    {
      "type": "Feature",
      "geometry": {
        "type": "LineString",
        "coordinates": [
          [
            26.81472,
            45.162507
          ],
          [
            26.861206,
            45.219138
          ],
          [
            26.867753,
            45.235836
          ],
          [
            26.877371,
            45.245996
          ],
          [
            26.869702,
            45.249348
          ],
          [
            26.88999,
            45.376488
          ],
          [
            26.88999,
            45.376488
          ],
          [
            26.88999,
            45.376488
          ],
          [
            26.88999,
            45.376488
          ]
        ]
      },
      "properties": {
        "route_id": "023",
        "route_short_name": "023",
        "route_long_name": "Autogara XXL - Buzău",
        "stroke": "#f032e6",
        "stroke-width": 2,
        "stroke-opacity": 0.8
      }
    },
    {
      "type": "Feature",
      "geometry": {
        "type": "LineString",
        "coordinates": [
          [
            26.81472,
            45.162507
          ],
          [
            26.861206,
            45.219138
          ],
          [
            26.867753,
            45.235836
          ],
          [
            26.877371,
            45.245996
          ],
          [
            26.869702,
            45.249348
          ],
          [
            26.937358,
            45.08022
          ],
          [
            26.850153,
            45.191381
          ],
          [
            26.880282,
            45.291411
          ],
          [
            26.870929,
            45.297794
          ]
        ]
      },
      "properties": {
        "route_id": "024",
        "route_short_name": "024",
        "route_long_name": "Autogara XXL - Buzău",
        "stroke": "#9a6324",
        "stroke-width": 2,
        "stroke-opacity": 0.8
      }
    },
    {
      "type": "Feature",
      "geometry": {
        "type": "LineString",
        "coordinates": [
          [
            26.81472,
            45.162507
          ],
          [
            26.861206,
            45.219138
          ],
          [
            26.867753,
            45.235836
          ],
          [
            26.877371,
            45.245996
          ],
          [
            26.869702,
            45.249348
          ],
          [
            26.937358,
            45.08022
          ],
          [
            26.850153,
            45.191381
          ],
          [
            26.880282,
            45.291411
          ],
          [
            26.879859,
            45.295795
          ],
          [
            26.87935,
            45.304598
          ],
          [
            26.876305,
            45.314735
          ],
          [
            26.867753,
            45.320886
          ],
          [
            26.844966,
            45.331702
          ]
        ]
      },
      "properties": {
        "route_id": "025",
        "route_short_name": "025",
        "route_long_name": "Autogara XXL - Buzău",
        "stroke": "#469990",
        "stroke-width": 2,
        "stroke-opacity": 0.8
      }
    },
    {
      "type": "Feature",
      "geometry": {
        "type": "LineString",
        "coordinates": [
          [
            26.81472,
            45.162507
          ],
          [
            26.861206,
            45.219138
          ],
          [
            26.867753,
            45.235836
          ],
          [
            26.877371,
            45.245996
          ],
          [
            26.869702,
            45.249348
          ],
          [
            26.937358,
            45.08022
          ],
          [
            26.850153,
            45.191381
          ],
          [
            26.880282,
            45.291411
          ],
          [
            26.879859,
            45.295795
          ],
          [
            26.87935,
            45.304598
          ],
          [
            26.876305,
            45.314735
          ],
          [
            26.900967,
            45.27816
          ],
          [
            26.883803,
            45.252812
          ],
          [
            26.869558,
            45.231671
          ],
          [
            26.855302,
            45.210536
          ],
          [
            26.837102,
            45.188807
          ],
          [
            26.816467,
            45.163009
          ],
          [
            26.81857,
            45.142954
          ],
          [
            26.88999,
            45.376488
          ],
          [
            26.888521,
            45.384692
          ],
          [
            26.886675,
            45.395277
          ],
          [
            26.877719,
            45.411662
          ],
          [
            26.849171,
            45.422013
          ],
          [
            26.838663,
            45.431831
          ],
          [
            26.819959,
            45.451198
          ]
        ]
      },
      "properties": {
        "route_id": "026",
        "route_short_name": "026",
        "route_long_name": "Buzău Autogara XXL - Murgești",
        "stroke": "#800000",
        "stroke-width": 2,
        "stroke-opacity": 0.8
      }
    },
    {
      "type": "Feature",
      "geometry": {
        "type": "LineString",
        "coordinates": [
          [
            26.81472,
            45.162507
          ],
          [
            26.817318,
            45.17966
          ],
          [
            26.824638,
            45.176857
          ],
          [
            26.807081,
            45.181459
          ],
          [
            26.792771,
            45.189436
          ],
          [
            26.772814,
            45.198639
          ],
          [
            26.762894,
            45.207111
          ],
          [
            26.756067,
            45.213393
          ],
          [
            26.744587,
            45.234514
          ],
          [
            26.755621,
            45.24977
          ],
          [
            26.758341,
            45.251256
          ],
          [
            26.761113,
            45.254901
          ],
          [
            26.753351,
            45.278795
          ],
          [
            26.75034,
            45.311211
          ],
          [
            26.756762,
            45.319132
          ],
          [
            26.770961,
            45.337503
          ],
          [
            26.767998,
            45.342924
          ],
          [
            26.766853,
            45.345383
          ],
          [
            26.768228,
            45.353303
          ],
          [
            26.766737,
            45.361834
          ],
          [
            26.774685,
            45.366271
          ],
          [
            26.769004,
            45.3821
          ],
          [
            26.759261,
            45.392184
          ],
          [
            26.760269,
            45.399268
          ],
          [
            26.756333,
            45.412845
          ],
          [
            26.744339,
            45.425271
          ]
        ]
      },
      "properties": {
        "route_id": "027",
        "route_short_name": "027",
        "route_long_name": "Buzău Autogara XXL - Podu Muncii",
        "stroke": "#808000",
        "stroke-width": 2,
        "stroke-opacity": 0.8
      }
    },
    {
      "type": "Feature",
      "geometry": {
        "type": "LineString",
        "coordinates": [
          [
            26.81472,
            45.162507
          ],
          [
            26.817318,
            45.17966
          ],
          [
            26.824638,
            45.176857
          ],
          [
            26.807081,
            45.181459
          ],
          [
            26.792771,
            45.189436
          ],
          [
            26.772814,
            45.198639
          ],
          [
            26.762894,
            45.207111
          ],
          [
            26.756067,
            45.213393
          ],
          [
            26.744587,
            45.234514
          ],
          [
            26.755621,
            45.24977
          ],
          [
            26.758341,
            45.251256
          ],
          [
            26.761113,
            45.254901
          ],
          [
            26.753351,
            45.278795
          ],
          [
            26.75034,
            45.311211
          ],
          [
            26.756762,
            45.319132
          ],
          [
            26.770961,
            45.337503
          ],
          [
            26.767998,
            45.342924
          ],
          [
            26.766853,
            45.345383
          ],
          [
            26.768228,
            45.353303
          ],
          [
            26.766737,
            45.361834
          ],
          [
            26.774685,
            45.366271
          ],
          [
            26.769004,
            45.3821
          ],
          [
            26.759261,
            45.392184
          ],
          [
            26.760269,
            45.399268
          ],
          [
            26.756333,
            45.412845
          ],
          [
            26.772388,
            45.430257
          ],
          [
            26.742521,
            45.438013
          ],
          [
            26.741643,
            45.458411
          ],
          [
            26.745062,
            45.463574
          ],
          [
            26.756308,
            45.463769
          ],
          [
            26.766128,
            45.484375
          ],
          [
            26.749923,
            45.501914
          ],
          [
            26.695368,
            45.529338
          ],
          [
            26.680673,
            45.541352
          ],
          [
            26.706427,
            45.542233
          ]
        ]
      },
      "properties": {
        "route_id": "028",
        "route_short_name": "028",
        "route_long_name": "Autogara XXL - Buzău",
        "stroke": "#dcbeff",
        "stroke-width": 2,
        "stroke-opacity": 0.8
      }
    },
    {
      "type": "Feature",
      "geometry": {
        "type": "LineString",
        "coordinates": [
          [
            26.81472,
            45.162507
          ],
          [
            26.817318,
            45.17966
          ],
          [
            26.824638,
            45.176857
          ],
          [
            26.807081,
            45.181459
          ],
          [
            26.792771,
            45.189436
          ],
          [
            26.772814,
            45.198639
          ],
          [
            26.762894,
            45.207111
          ],
          [
            26.756067,
            45.213393
          ],
          [
            26.744587,
            45.234514
          ],
          [
            26.755621,
            45.24977
          ],
          [
            26.758341,
            45.251256
          ],
          [
            26.761113,
            45.254901
          ],
          [
            26.753351,
            45.278795
          ],
          [
            26.75034,
            45.311211
          ],
          [
            26.756762,
            45.319132
          ],
          [
            26.770961,
            45.337503
          ],
          [
            26.767998,
            45.342924
          ],
          [
            26.766853,
            45.345383
          ],
          [
            26.768228,
            45.353303
          ],
          [
            26.766737,
            45.361834
          ],
          [
            26.774685,
            45.366271
          ],
          [
            26.769004,
            45.3821
          ],
          [
            26.759261,
            45.392184
          ],
          [
            26.760269,
            45.399268
          ],
          [
            26.756333,
            45.412845
          ],
          [
            26.772388,
            45.430257
          ],
          [
            26.742521,
            45.438013
          ],
          [
            26.741643,
            45.458411
          ],
          [
            26.745062,
            45.463574
          ],
          [
            26.756308,
            45.463769
          ],
          [
            26.766128,
            45.484375
          ],
          [
            26.749923,
            45.501914
          ],
          [
            26.751822,
            45.521344
          ],
          [
            26.750676,
            45.533037
          ]
        ]
      },
      "properties": {
        "route_id": "029",
        "route_short_name": "029",
        "route_long_name": "Autogara XXL - Buzău",
        "stroke": "#aaffc3",
        "stroke-width": 2,
        "stroke-opacity": 0.8
      }
    },
    {
      "type": "Feature",
      "geometry": {
        "type": "LineString",
        "coordinates": [
          [
            26.81472,
            45.162507
          ],
          [
            26.817318,
            45.17966
          ],
          [
            26.824638,
            45.176857
          ],
          [
            26.807081,
            45.181459
          ],
          [
            26.792771,
            45.189436
          ],
          [
            26.772814,
            45.198639
          ],
          [
            26.762894,
            45.207111
          ],
          [
            26.756067,
            45.213393
          ],
          [
            26.744587,
            45.234514
          ],
          [
            26.755621,
            45.24977
          ],
          [
            26.758341,
            45.251256
          ],
          [
            26.761113,
            45.254901
          ],
          [
            26.753351,
            45.278795
          ],
          [
            26.75034,
            45.311211
          ],
          [
            26.756762,
            45.319132
          ],
          [
            26.770961,
            45.337503
          ],
          [
            26.767998,
            45.342924
          ],
          [
            26.766853,
            45.345383
          ],
          [
            26.768228,
            45.353303
          ],
          [
            26.766737,
            45.361834
          ],
          [
            26.774685,
            45.366271
          ],
          [
            26.769004,
            45.3821
          ],
          [
            26.759261,
            45.392184
          ],
          [
            26.760269,
            45.399268
          ],
          [
            26.756333,
            45.412845
          ],
          [
            26.772388,
            45.430257
          ],
          [
            26.742521,
            45.438013
          ],
          [
            26.741643,
            45.458411
          ],
          [
            26.745062,
            45.463574
          ],
          [
            26.73392,
            45.465171
          ],
          [
            26.723184,
            45.471322
          ],
          [
            26.703154,
            45.47685
          ],
          [
            26.679494,
            45.479389
          ],
          [
            26.672898,
            45.483859
          ],
          [
            26.65749,
            45.486876
          ],
          [
            26.640966,
            45.489063
          ],
          [
            26.619221,
            45.485267
          ],
          [
            26.61618,
            45.482705
          ],
          [
            26.5965,
            45.482941
          ],
          [
            26.592515,
            45.483231
          ],
          [
            26.544282,
            45.496327
          ],
          [
            26.515105,
            45.514424
          ],
          [
            26.544282,
            45.496327
          ],
          [
            26.543274,
            45.488354
          ],
          [
            26.543274,
            45.488354
          ]
        ]
      },
      "properties": {
        "route_id": "032",
        "route_short_name": "032",
        "route_long_name": "Buzău Autogara XXL - Nucului",
        "stroke": "#fabed4",
        "stroke-width": 2,
        "stroke-opacity": 0.8
      }
    },
    {
      "type": "Feature",
      "geometry": {
        "type": "LineString",
        "coordinates": [
          [
            26.81472,
            45.162507
          ],
          [
            26.817318,
            45.17966
          ],
          [
            26.824638,
            45.176857
          ],
          [
            26.807081,
            45.181459
          ],
          [
            26.792771,
            45.189436
          ],
          [
            26.772814,
            45.198639
          ],
          [
            26.762894,
            45.207111
          ],
          [
            26.756067,
            45.213393
          ],
          [
            26.744587,
            45.234514
          ],
          [
            26.755621,
            45.24977
          ],
          [
            26.758341,
            45.251256
          ],
          [
            26.761113,
            45.254901
          ],
          [
            26.753351,
            45.278795
          ],
          [
            26.75034,
            45.311211
          ],
          [
            26.756762,
            45.319132
          ],
          [
            26.770961,
            45.337503
          ],
          [
            26.767998,
            45.342924
          ],
          [
            26.766853,
            45.345383
          ],
          [
            26.768228,
            45.353303
          ],
          [
            26.766737,
            45.361834
          ],
          [
            26.774685,
            45.366271
          ],
          [
            26.769004,
            45.3821
          ],
          [
            26.759261,
            45.392184
          ],
          [
            26.760269,
            45.399268
          ],
          [
            26.756333,
            45.412845
          ],
          [
            26.772388,
            45.430257
          ],
          [
            26.742521,
            45.438013
          ],
          [
            26.741643,
            45.458411
          ],
          [
            26.745062,
            45.463574
          ],
          [
            26.73392,
            45.465171
          ],
          [
            26.723184,
            45.471322
          ],
          [
            26.703154,
            45.47685
          ],
          [
            26.679494,
            45.479389
          ],
          [
            26.672898,
            45.483859
          ],
          [
            26.65749,
            45.486876
          ],
          [
            26.640966,
            45.489063
          ],
          [
            26.63365,
            45.498254
          ],
          [
            26.629951,
            45.511317
          ],
          [
            26.638947,
            45.523969
          ]
        ]
      },
      "properties": {
        "route_id": "033",
        "route_short_name": "033",
        "route_long_name": "Autogara XXL - Buzău",
        "stroke": "#bfef45",
        "stroke-width": 2,
        "stroke-opacity": 0.8
      }
    },
    {
      "type": "Feature",
      "geometry": {
        "type": "LineString",
        "coordinates": [
          [
            26.81472,
            45.162507
          ],
          [
            26.817318,
            45.17966
          ],
          [
            26.824638,
            45.176857
          ],
          [
            26.807081,
            45.181459
          ],
          [
            26.792771,
            45.189436
          ],
          [
            26.772814,
            45.198639
          ],
          [
            26.762894,
            45.207111
          ],
          [
            26.756067,
            45.213393
          ],
          [
            26.744587,
            45.234514
          ],
          [
            26.755621,
            45.24977
          ],
          [
            26.758341,
            45.251256
          ],
          [
            26.761113,
            45.254901
          ],
          [
            26.753351,
            45.278795
          ],
          [
            26.75034,
            45.311211
          ],
          [
            26.756762,
            45.319132
          ],
          [
            26.770961,
            45.337503
          ],
          [
            26.767998,
            45.342924
          ],
          [
            26.766853,
            45.345383
          ],
          [
            26.768228,
            45.353303
          ],
          [
            26.766737,
            45.361834
          ],
          [
            26.774685,
            45.366271
          ],
          [
            26.769004,
            45.3821
          ],
          [
            26.759261,
            45.392184
          ],
          [
            26.760269,
            45.399268
          ],
          [
            26.756333,
            45.412845
          ],
          [
            26.772388,
            45.430257
          ],
          [
            26.742521,
            45.438013
          ],
          [
            26.741643,
            45.458411
          ],
          [
            26.745062,
            45.463574
          ],
          [
            26.73392,
            45.465171
          ],
          [
            26.723184,
            45.471322
          ],
          [
            26.703154,
            45.47685
          ],
          [
            26.679494,
            45.479389
          ],
          [
            26.672898,
            45.483859
          ],
          [
            26.65749,
            45.486876
          ],
          [
            26.640966,
            45.489063
          ],
          [
            26.619221,
            45.485267
          ],
          [
            26.61618,
            45.482705
          ],
          [
            26.5965,
            45.482941
          ],
          [
            26.592515,
            45.483231
          ],
          [
            26.5965,
            45.482941
          ],
          [
            26.5965,
            45.482941
          ]
        ]
      },
      "properties": {
        "route_id": "034",
        "route_short_name": "034",
        "route_long_name": "Autogara XXL - Buzău",
        "stroke": "#e6194b",
        "stroke-width": 2,
        "stroke-opacity": 0.8
      }
    },
    {
      "type": "Feature",
      "geometry": {
        "type": "LineString",
        "coordinates": [
          [
            26.81472,
            45.162507
          ],
          [
            26.817318,
            45.17966
          ],
          [
            26.824638,
            45.176857
          ],
          [
            26.807081,
            45.181459
          ],
          [
            26.792771,
            45.189436
          ],
          [
            26.772814,
            45.198639
          ],
          [
            26.762894,
            45.207111
          ],
          [
            26.756067,
            45.213393
          ],
          [
            26.744587,
            45.234514
          ],
          [
            26.755621,
            45.24977
          ],
          [
            27.037399,
            45.366068
          ],
          [
            27.037399,
            45.366068
          ],
          [
            26.901191,
            45.278492
          ],
          [
            26.787775,
            45.191404
          ],
          [
            26.703648,
            45.283075
          ],
          [
            26.688678,
            45.283275
          ],
          [
            26.674074,
            45.287477
          ],
          [
            26.659896,
            45.326018
          ],
          [
            26.665844,
            45.344365
          ],
          [
            26.665844,
            45.344365
          ],
          [
            26.665844,
            45.344365
          ],
          [
            26.66367,
            45.366801
          ],
          [
            26.665342,
            45.371059
          ],
          [
            26.666204,
            45.376091
          ],
          [
            26.663662,
            45.378576
          ],
          [
            26.633836,
            45.393555
          ],
          [
            26.602707,
            45.397578
          ],
          [
            26.586082,
            45.410635
          ],
          [
            26.595951,
            45.444868
          ],
          [
            26.60079,
            45.447446
          ],
          [
            26.627108,
            45.454004
          ]
        ]
      },
      "properties": {
        "route_id": "038",
        "route_short_name": "038",
        "route_long_name": "Buzău Autogara XXL - Glodu Petcari",
        "stroke": "#3cb44b",
        "stroke-width": 2,
        "stroke-opacity": 0.8
      }
    },
    {
      "type": "Feature",
      "geometry": {
        "type": "LineString",
        "coordinates": [
          [
            26.81472,
            45.162507
          ],
          [
            26.817318,
            45.17966
          ],
          [
            26.824638,
            45.176857
          ],
          [
            26.807081,
            45.181459
          ],
          [
            26.792771,
            45.189436
          ],
          [
            26.772814,
            45.198639
          ],
          [
            26.762894,
            45.207111
          ],
          [
            26.756067,
            45.213393
          ],
          [
            26.744587,
            45.234514
          ],
          [
            26.755621,
            45.24977
          ],
          [
            27.037399,
            45.366068
          ],
          [
            27.037399,
            45.366068
          ],
          [
            26.901191,
            45.278492
          ],
          [
            26.787775,
            45.191404
          ],
          [
            26.703648,
            45.283075
          ],
          [
            26.688678,
            45.283275
          ],
          [
            26.674074,
            45.287477
          ],
          [
            26.659896,
            45.326018
          ],
          [
            26.665844,
            45.344365
          ],
          [
            26.665844,
            45.344365
          ],
          [
            26.710728,
            45.37545
          ],
          [
            26.697562,
            45.404756
          ],
          [
            26.697562,
            45.404756
          ],
          [
            26.697562,
            45.404756
          ]
        ]
      },
      "properties": {
        "route_id": "040",
        "route_short_name": "040",
        "route_long_name": "Buzău Autogara XXL - Golul Grabicina",
        "stroke": "#4363d8",
        "stroke-width": 2,
        "stroke-opacity": 0.8
      }
    },
    {
      "type": "Feature",
      "geometry": {
        "type": "LineString",
        "coordinates": [
          [
            26.81472,
            45.162507
          ],
          [
            26.817318,
            45.17966
          ],
          [
            26.824638,
            45.176857
          ],
          [
            26.807081,
            45.181459
          ],
          [
            26.792771,
            45.189436
          ],
          [
            26.772814,
            45.198639
          ],
          [
            26.762894,
            45.207111
          ],
          [
            26.756067,
            45.213393
          ],
          [
            26.744587,
            45.234514
          ],
          [
            26.755621,
            45.24977
          ],
          [
            27.037399,
            45.366068
          ],
          [
            27.037399,
            45.366068
          ],
          [
            26.901191,
            45.278492
          ],
          [
            26.787775,
            45.191404
          ],
          [
            26.703648,
            45.283075
          ],
          [
            26.688678,
            45.283275
          ],
          [
            26.674074,
            45.287477
          ],
          [
            26.659896,
            45.326018
          ],
          [
            26.665844,
            45.344365
          ],
          [
            26.665844,
            45.344365
          ],
          [
            26.665844,
            45.344365
          ],
          [
            26.66367,
            45.366801
          ],
          [
            26.610948,
            45.377575
          ]
        ]
      },
      "properties": {
        "route_id": "041",
        "route_short_name": "041",
        "route_long_name": "Buzău Autogara XXL - Negoşina",
        "stroke": "#f58231",
        "stroke-width": 2,
        "stroke-opacity": 0.8
      }
    },
    {
      "type": "Feature",
      "geometry": {
        "type": "LineString",
        "coordinates": [
          [
            26.81472,
            45.162507
          ],
          [
            26.808593,
            45.159941
          ],
          [
            26.800744,
            45.160256
          ],
          [
            26.787438,
            45.164018
          ],
          [
            26.771225,
            45.175182
          ],
          [
            26.728931,
            45.203842
          ],
          [
            26.734144,
            45.203177
          ],
          [
            26.710862,
            45.244362
          ],
          [
            26.70628,
            45.248703
          ],
          [
            26.703732,
            45.254807
          ],
          [
            26.667876,
            45.279566
          ],
          [
            26.644425,
            45.279423
          ],
          [
            26.634128,
            45.281078
          ],
          [
            26.616226,
            45.279414
          ],
          [
            26.60013,
            45.279529
          ],
          [
            26.584753,
            45.2956
          ],
          [
            26.546166,
            45.288921
          ],
          [
            26.534779,
            45.302271
          ],
          [
            26.534779,
            45.302271
          ],
          [
            26.515283,
            45.327759
          ],
          [
            26.515283,
            45.327759
          ],
          [
            26.49063,
            45.330967
          ],
          [
            26.487951,
            45.331809
          ],
          [
            26.485468,
            45.340899
          ],
          [
            26.471148,
            45.356259
          ],
          [
            26.48784,
            45.373967
          ],
          [
            26.467677,
            45.40227
          ]
        ]
      },
      "properties": {
        "route_id": "042",
        "route_short_name": "042",
        "route_long_name": "Buzău Autogara XXL - Fișici",
        "stroke": "#911eb4",
        "stroke-width": 2,
        "stroke-opacity": 0.8
      }
    },
    {
      "type": "Feature",
      "geometry": {
        "type": "LineString",
        "coordinates": [
          [
            26.81472,
            45.162507
          ],
          [
            26.808593,
            45.159941
          ],
          [
            26.800744,
            45.160256
          ],
          [
            26.787438,
            45.164018
          ],
          [
            26.771225,
            45.175182
          ],
          [
            26.728931,
            45.203842
          ],
          [
            26.734144,
            45.203177
          ],
          [
            26.710862,
            45.244362
          ],
          [
            26.70628,
            45.248703
          ],
          [
            26.703732,
            45.254807
          ],
          [
            26.667876,
            45.279566
          ],
          [
            26.644425,
            45.279423
          ],
          [
            26.634128,
            45.281078
          ],
          [
            26.616226,
            45.279414
          ],
          [
            26.60013,
            45.279529
          ],
          [
            26.584753,
            45.2956
          ],
          [
            26.546166,
            45.288921
          ],
          [
            26.534779,
            45.302271
          ],
          [
            26.534779,
            45.302271
          ],
          [
            26.515283,
            45.327759
          ],
          [
            26.515283,
            45.327759
          ],
          [
            26.49063,
            45.330967
          ],
          [
            26.487951,
            45.331809
          ],
          [
            26.485468,
            45.340899
          ],
          [
            26.471148,
            45.356259
          ],
          [
            26.48784,
            45.373967
          ],
          [
            26.490912,
            45.381447
          ],
          [
            26.508413,
            45.397313
          ],
          [
            26.529623,
            45.403435
          ],
          [
            26.536393,
            45.396531
          ],
          [
            26.539361,
            45.380143
          ]
        ]
      },
      "properties": {
        "route_id": "043",
        "route_short_name": "043",
        "route_long_name": "Buzău Autogara XXL - Piatra Albă",
        "stroke": "#42d4f4",
        "stroke-width": 2,
        "stroke-opacity": 0.8
      }
    },
    {
      "type": "Feature",
      "geometry": {
        "type": "LineString",
        "coordinates": [
          [
            26.81472,
            45.162507
          ],
          [
            26.808593,
            45.159941
          ],
          [
            26.800744,
            45.160256
          ],
          [
            26.787438,
            45.164018
          ],
          [
            26.771225,
            45.175182
          ],
          [
            26.728931,
            45.203842
          ],
          [
            26.734144,
            45.203177
          ],
          [
            26.710862,
            45.244362
          ],
          [
            26.70628,
            45.248703
          ],
          [
            26.703732,
            45.254807
          ],
          [
            26.667876,
            45.279566
          ],
          [
            26.644425,
            45.279423
          ],
          [
            26.634128,
            45.281078
          ],
          [
            26.616226,
            45.279414
          ],
          [
            26.60013,
            45.279529
          ],
          [
            26.584753,
            45.2956
          ],
          [
            26.546166,
            45.288921
          ],
          [
            26.534779,
            45.302271
          ],
          [
            26.534779,
            45.302271
          ],
          [
            26.515283,
            45.327759
          ],
          [
            26.515283,
            45.327759
          ],
          [
            26.49063,
            45.330967
          ],
          [
            26.487951,
            45.331809
          ],
          [
            26.485468,
            45.340899
          ],
          [
            26.471148,
            45.356259
          ],
          [
            26.48784,
            45.373967
          ],
          [
            26.490912,
            45.381447
          ],
          [
            26.508413,
            45.397313
          ],
          [
            26.510252,
            45.430343
          ],
          [
            26.504686,
            45.467414
          ],
          [
            26.491784,
            45.462267
          ],
          [
            26.482661,
            45.468713
          ]
        ]
      },
      "properties": {
        "route_id": "044",
        "route_short_name": "044",
        "route_long_name": "Autogara XXL - Buzău",
        "stroke": "#f032e6",
        "stroke-width": 2,
        "stroke-opacity": 0.8
      }
    },
    {
      "type": "Feature",
      "geometry": {
        "type": "LineString",
        "coordinates": [
          [
            26.81472,
            45.162507
          ],
          [
            26.808593,
            45.159941
          ],
          [
            26.800744,
            45.160256
          ],
          [
            26.787438,
            45.164018
          ],
          [
            26.771225,
            45.175182
          ],
          [
            26.728931,
            45.203842
          ],
          [
            26.734144,
            45.203177
          ],
          [
            26.710862,
            45.244362
          ],
          [
            26.70628,
            45.248703
          ],
          [
            26.703732,
            45.254807
          ],
          [
            26.667876,
            45.279566
          ],
          [
            26.644425,
            45.279423
          ],
          [
            26.634128,
            45.281078
          ],
          [
            26.616226,
            45.279414
          ],
          [
            26.60013,
            45.279529
          ],
          [
            26.583861,
            45.280013
          ],
          [
            26.522489,
            45.261525
          ],
          [
            26.463412,
            45.227693
          ],
          [
            26.437878,
            45.227471
          ],
          [
            26.385485,
            45.234988
          ],
          [
            26.375885,
            45.243732
          ],
          [
            26.359731,
            45.257337
          ],
          [
            26.355324,
            45.266141
          ],
          [
            26.358407,
            45.277127
          ],
          [
            26.354208,
            45.286099
          ],
          [
            26.357359,
            45.295068
          ],
          [
            26.361416,
            45.314774
          ],
          [
            26.357504,
            45.323762
          ],
          [
            26.345463,
            45.350996
          ],
          [
            26.326395,
            45.370036
          ],
          [
            26.323154,
            45.38311
          ],
          [
            26.321122,
            45.395527
          ],
          [
            26.300649,
            45.417054
          ]
        ]
      },
      "properties": {
        "route_id": "045",
        "route_short_name": "045",
        "route_long_name": "Buzău Autogara XXL - Nehoiu",
        "stroke": "#9a6324",
        "stroke-width": 2,
        "stroke-opacity": 0.8
      }
    },
    {
      "type": "Feature",
      "geometry": {
        "type": "LineString",
        "coordinates": [
          [
            26.81472,
            45.162507
          ],
          [
            26.808593,
            45.159941
          ],
          [
            26.800744,
            45.160256
          ],
          [
            26.787438,
            45.164018
          ],
          [
            26.771225,
            45.175182
          ],
          [
            26.728931,
            45.203842
          ],
          [
            26.734144,
            45.203177
          ],
          [
            26.710862,
            45.244362
          ],
          [
            26.70628,
            45.248703
          ],
          [
            26.703732,
            45.254807
          ],
          [
            26.667876,
            45.279566
          ],
          [
            26.644425,
            45.279423
          ],
          [
            26.634128,
            45.281078
          ],
          [
            26.616226,
            45.279414
          ],
          [
            26.60013,
            45.279529
          ],
          [
            26.583861,
            45.280013
          ],
          [
            26.522489,
            45.261525
          ],
          [
            26.463412,
            45.227693
          ],
          [
            26.437878,
            45.227471
          ],
          [
            26.385485,
            45.234988
          ],
          [
            26.375885,
            45.243732
          ],
          [
            26.359731,
            45.257337
          ],
          [
            26.355324,
            45.266141
          ],
          [
            26.358407,
            45.277127
          ],
          [
            26.354208,
            45.286099
          ],
          [
            26.357359,
            45.295068
          ],
          [
            26.361416,
            45.314774
          ],
          [
            26.357504,
            45.323762
          ],
          [
            26.345463,
            45.350996
          ],
          [
            26.326395,
            45.370036
          ],
          [
            26.323154,
            45.38311
          ],
          [
            26.321122,
            45.395527
          ],
          [
            26.300649,
            45.417054
          ],
          [
            26.305931,
            45.431407
          ],
          [
            26.307461,
            45.438003
          ],
          [
            26.304381,
            45.441259
          ],
          [
            26.305319,
            45.443405
          ],
          [
            26.317596,
            45.446616
          ],
          [
            26.328334,
            45.450541
          ],
          [
            26.340659,
            45.455209
          ],
          [
            26.348471,
            45.456101
          ],
          [
            26.368004,
            45.457012
          ],
          [
            26.373271,
            45.463013
          ],
          [
            26.403532,
            45.46208
          ],
          [
            26.353659,
            45.268169
          ],
          [
            26.536979,
            45.264886
          ],
          [
            26.361111,
            45.255991
          ],
          [
            26.421704,
            45.484549
          ],
          [
            26.441544,
            45.508901
          ]
        ]
      },
      "properties": {
        "route_id": "046",
        "route_short_name": "046",
        "route_long_name": "Buzău Autogara XXL - Varlaam",
        "stroke": "#469990",
        "stroke-width": 2,
        "stroke-opacity": 0.8
      }
    },
    {
      "type": "Feature",
      "geometry": {
        "type": "LineString",
        "coordinates": [
          [
            26.81472,
            45.162507
          ],
          [
            26.808593,
            45.159941
          ],
          [
            26.800744,
            45.160256
          ],
          [
            26.787438,
            45.164018
          ],
          [
            26.771225,
            45.175182
          ],
          [
            26.728931,
            45.203842
          ],
          [
            26.734144,
            45.203177
          ],
          [
            26.710862,
            45.244362
          ],
          [
            26.70628,
            45.248703
          ],
          [
            26.703732,
            45.254807
          ],
          [
            26.667876,
            45.279566
          ],
          [
            26.644425,
            45.279423
          ],
          [
            26.634128,
            45.281078
          ],
          [
            26.616226,
            45.279414
          ],
          [
            26.60013,
            45.279529
          ],
          [
            26.583861,
            45.280013
          ],
          [
            26.522489,
            45.261525
          ],
          [
            26.463412,
            45.227693
          ],
          [
            26.437878,
            45.227471
          ],
          [
            26.385485,
            45.234988
          ],
          [
            26.375885,
            45.243732
          ],
          [
            26.359731,
            45.257337
          ],
          [
            26.280393,
            45.255391
          ],
          [
            26.27196,
            45.260725
          ],
          [
            26.265674,
            45.267432
          ],
          [
            26.296853,
            45.24977
          ],
          [
            26.28596,
            45.253487
          ],
          [
            26.27196,
            45.260725
          ],
          [
            26.265674,
            45.267432
          ],
          [
            26.256133,
            45.28151
          ],
          [
            26.250481,
            45.289282
          ],
          [
            26.246074,
            45.293628
          ],
          [
            26.247597,
            45.307587
          ],
          [
            26.24789,
            45.320588
          ],
          [
            26.242086,
            45.327273
          ],
          [
            26.23161,
            45.332293
          ],
          [
            26.21559,
            45.348681
          ],
          [
            26.211091,
            45.352845
          ],
          [
            26.206987,
            45.358248
          ],
          [
            26.190055,
            45.36897
          ],
          [
            26.174978,
            45.375318
          ]
        ]
      },
      "properties": {
        "route_id": "047",
        "route_short_name": "047",
        "route_long_name": "Buzău Autogara XXL - Bâsca Chiojdului",
        "stroke": "#800000",
        "stroke-width": 2,
        "stroke-opacity": 0.8
      }
    },
    {
      "type": "Feature",
      "geometry": {
        "type": "LineString",
        "coordinates": [
          [
            26.357504,
            45.323762
          ],
          [
            26.361416,
            45.314774
          ],
          [
            26.357359,
            45.295068
          ],
          [
            26.354208,
            45.286099
          ],
          [
            26.358407,
            45.277127
          ],
          [
            26.355324,
            45.266141
          ],
          [
            26.359731,
            45.257337
          ],
          [
            26.375885,
            45.243732
          ],
          [
            26.385485,
            45.234988
          ],
          [
            26.392053,
            45.221451
          ]
        ]
      },
      "properties": {
        "route_id": "048",
        "route_short_name": "048",
        "route_long_name": "Pătârlagele Autogara - Scărişoara",
        "stroke": "#808000",
        "stroke-width": 2,
        "stroke-opacity": 0.8
      }
    },
    {
      "type": "Feature",
      "geometry": {
        "type": "LineString",
        "coordinates": [
          [
            26.357504,
            45.323762
          ],
          [
            26.369913,
            45.326858
          ],
          [
            26.357491,
            45.340224
          ],
          [
            26.360867,
            45.34276
          ],
          [
            26.390733,
            45.377777
          ]
        ]
      },
      "properties": {
        "route_id": "049",
        "route_short_name": "049",
        "route_long_name": "Pătârlagele Autogara - Colţi",
        "stroke": "#dcbeff",
        "stroke-width": 2,
        "stroke-opacity": 0.8
      }
    },
    {
      "type": "Feature",
      "geometry": {
        "type": "LineString",
        "coordinates": [
          [
            26.357504,
            45.323762
          ],
          [
            26.369913,
            45.326858
          ],
          [
            26.377212,
            45.318179
          ],
          [
            26.375827,
            45.297936
          ],
          [
            26.37703,
            45.276149
          ]
        ]
      },
      "properties": {
        "route_id": "050",
        "route_short_name": "050",
        "route_long_name": "Pătârlagele Autogara - Tega",
        "stroke": "#aaffc3",
        "stroke-width": 2,
        "stroke-opacity": 0.8
      }
    },
    {
      "type": "Feature",
      "geometry": {
        "type": "LineString",
        "coordinates": [
          [
            26.357504,
            45.323762
          ],
          [
            26.345463,
            45.350996
          ],
          [
            26.326395,
            45.370036
          ],
          [
            26.323154,
            45.38311
          ],
          [
            26.321122,
            45.395527
          ],
          [
            26.300649,
            45.417054
          ],
          [
            26.305931,
            45.431407
          ],
          [
            26.307461,
            45.438003
          ],
          [
            26.304381,
            45.441259
          ],
          [
            26.305319,
            45.443405
          ],
          [
            26.305319,
            45.443405
          ],
          [
            26.305319,
            45.443405
          ],
          [
            26.305319,
            45.443405
          ],
          [
            26.305319,
            45.443405
          ]
        ]
      },
      "properties": {
        "route_id": "051",
        "route_short_name": "051",
        "route_long_name": "Pătârlagele Autogara - Lunca Jarștei",
        "stroke": "#fabed4",
        "stroke-width": 2,
        "stroke-opacity": 0.8
      }
    },
    {
      "type": "Feature",
      "geometry": {
        "type": "LineString",
        "coordinates": [
          [
            26.357504,
            45.323762
          ],
          [
            26.345463,
            45.350996
          ],
          [
            26.326395,
            45.370036
          ],
          [
            26.323154,
            45.38311
          ],
          [
            26.321122,
            45.395527
          ],
          [
            26.300649,
            45.417054
          ],
          [
            26.305931,
            45.431407
          ],
          [
            26.307461,
            45.438003
          ],
          [
            26.304381,
            45.441259
          ],
          [
            26.305319,
            45.443405
          ],
          [
            26.317596,
            45.446616
          ],
          [
            26.328334,
            45.450541
          ],
          [
            26.340659,
            45.455209
          ],
          [
            26.348471,
            45.456101
          ],
          [
            26.368004,
            45.457012
          ],
          [
            26.373271,
            45.463013
          ],
          [
            26.403532,
            45.46208
          ],
          [
            26.353659,
            45.268169
          ],
          [
            26.536979,
            45.264886
          ],
          [
            26.361111,
            45.255991
          ],
          [
            26.421704,
            45.484549
          ],
          [
            26.441544,
            45.508901
          ]
        ]
      },
      "properties": {
        "route_id": "052",
        "route_short_name": "052",
        "route_long_name": "Pătârlagele Autogara - Varlaam",
        "stroke": "#bfef45",
        "stroke-width": 2,
        "stroke-opacity": 0.8
      }
    },
    {
      "type": "Feature",
      "geometry": {
        "type": "LineString",
        "coordinates": [
          [
            26.300649,
            45.417054
          ],
          [
            26.321122,
            45.395527
          ],
          [
            26.326395,
            45.370036
          ],
          [
            26.323154,
            45.38311
          ],
          [
            26.345463,
            45.350996
          ],
          [
            26.357504,
            45.323762
          ],
          [
            26.361416,
            45.314774
          ],
          [
            26.357359,
            45.295068
          ],
          [
            26.354208,
            45.286099
          ],
          [
            26.358407,
            45.277127
          ],
          [
            26.355324,
            45.266141
          ],
          [
            26.359731,
            45.257337
          ],
          [
            26.280393,
            45.255391
          ],
          [
            26.27196,
            45.260725
          ],
          [
            26.265674,
            45.267432
          ],
          [
            26.296853,
            45.24977
          ],
          [
            26.28596,
            45.253487
          ],
          [
            26.27196,
            45.260725
          ],
          [
            26.265674,
            45.267432
          ],
          [
            26.256133,
            45.28151
          ],
          [
            26.250481,
            45.289282
          ],
          [
            26.246074,
            45.293628
          ],
          [
            26.247597,
            45.307587
          ],
          [
            26.24789,
            45.320588
          ],
          [
            26.242086,
            45.327273
          ],
          [
            26.23161,
            45.332293
          ],
          [
            26.21559,
            45.348681
          ],
          [
            26.211091,
            45.352845
          ],
          [
            26.206987,
            45.358248
          ],
          [
            26.190055,
            45.36897
          ],
          [
            26.174978,
            45.375318
          ]
        ]
      },
      "properties": {
        "route_id": "053",
        "route_short_name": "053",
        "route_long_name": "Nehoiu - Bâsca Chiojdului",
        "stroke": "#e6194b",
        "stroke-width": 2,
        "stroke-opacity": 0.8
      }
    },
    {
      "type": "Feature",
      "geometry": {
        "type": "LineString",
        "coordinates": [
          [
            26.300649,
            45.417054
          ],
          [
            26.321122,
            45.395527
          ],
          [
            26.326395,
            45.370036
          ],
          [
            26.323154,
            45.38311
          ],
          [
            26.345463,
            45.350996
          ],
          [
            26.357504,
            45.323762
          ],
          [
            26.361416,
            45.314774
          ],
          [
            26.357359,
            45.295068
          ],
          [
            26.354208,
            45.286099
          ],
          [
            26.358407,
            45.277127
          ],
          [
            26.355324,
            45.266141
          ],
          [
            26.359731,
            45.257337
          ],
          [
            26.280393,
            45.255391
          ],
          [
            26.27196,
            45.260725
          ],
          [
            26.265674,
            45.267432
          ],
          [
            26.296853,
            45.24977
          ],
          [
            26.28596,
            45.253487
          ],
          [
            26.27196,
            45.260725
          ],
          [
            26.265674,
            45.267432
          ]
        ]
      },
      "properties": {
        "route_id": "054",
        "route_short_name": "054",
        "route_long_name": "Nehoiu - Bâscenii de Sus",
        "stroke": "#3cb44b",
        "stroke-width": 2,
        "stroke-opacity": 0.8
      }
    },
    {
      "type": "Feature",
      "geometry": {
        "type": "LineString",
        "coordinates": [
          [
            27.052774,
            45.387342
          ],
          [
            27.052774,
            45.387342
          ],
          [
            27.106664,
            45.364083
          ],
          [
            27.240269,
            45.322786
          ],
          [
            27.284828,
            45.304629
          ],
          [
            27.354987,
            45.340312
          ],
          [
            27.354987,
            45.340312
          ]
        ]
      },
      "properties": {
        "route_id": "055",
        "route_short_name": "055",
        "route_long_name": "Rm. Sărat Autogara TUC SA - Vâlcelele",
        "stroke": "#4363d8",
        "stroke-width": 2,
        "stroke-opacity": 0.8
      }
    },
    {
      "type": "Feature",
      "geometry": {
        "type": "LineString",
        "coordinates": [
          [
            27.052774,
            45.387342
          ],
          [
            27.029984,
            45.37075
          ],
          [
            27.037399,
            45.366068
          ],
          [
            27.077399,
            45.285419
          ],
          [
            27.088661,
            45.278253
          ],
          [
            27.120575,
            45.291514
          ]
        ]
      },
      "properties": {
        "route_id": "056",
        "route_short_name": "056",
        "route_long_name": "Rm. Sărat Autogara TUC SA - I. H. Rădulescu",
        "stroke": "#f58231",
        "stroke-width": 2,
        "stroke-opacity": 0.8
      }
    },
    {
      "type": "Feature",
      "geometry": {
        "type": "LineString",
        "coordinates": [
          [
            27.052774,
            45.387342
          ],
          [
            27.029984,
            45.37075
          ],
          [
            27.037399,
            45.366068
          ],
          [
            27.077399,
            45.285419
          ],
          [
            27.041548,
            45.278436
          ],
          [
            27.022956,
            45.286751
          ],
          [
            27.007387,
            45.28152
          ]
        ]
      },
      "properties": {
        "route_id": "057",
        "route_short_name": "057",
        "route_long_name": "Rm. Sărat Autogara TUC SA - Cuculeasa",
        "stroke": "#911eb4",
        "stroke-width": 2,
        "stroke-opacity": 0.8
      }
    },
    {
      "type": "Feature",
      "geometry": {
        "type": "LineString",
        "coordinates": [
          [
            27.052774,
            45.387342
          ],
          [
            27.029984,
            45.37075
          ],
          [
            27.037399,
            45.366068
          ],
          [
            27.077399,
            45.285419
          ],
          [
            27.088838,
            45.27295
          ],
          [
            27.125465,
            45.248415
          ],
          [
            27.136092,
            45.24855
          ]
        ]
      },
      "properties": {
        "route_id": "058",
        "route_short_name": "058",
        "route_long_name": "Rm. Sărat Autogara TUC SA - Bălăceanu",
        "stroke": "#42d4f4",
        "stroke-width": 2,
        "stroke-opacity": 0.8
      }
    },
    {
      "type": "Feature",
      "geometry": {
        "type": "LineString",
        "coordinates": [
          [
            27.052774,
            45.387342
          ],
          [
            27.029984,
            45.37075
          ],
          [
            27.037399,
            45.366068
          ],
          [
            27.075253,
            45.353002
          ],
          [
            27.170973,
            45.311807
          ],
          [
            27.175297,
            45.308941
          ],
          [
            27.178003,
            45.30536
          ],
          [
            27.205439,
            45.274462
          ],
          [
            27.20654,
            45.27241
          ]
        ]
      },
      "properties": {
        "route_id": "059",
        "route_short_name": "059",
        "route_long_name": "Rm. Sărat Autogara TUC SA - Ghergheasa",
        "stroke": "#f032e6",
        "stroke-width": 2,
        "stroke-opacity": 0.8
      }
    },
    {
      "type": "Feature",
      "geometry": {
        "type": "LineString",
        "coordinates": [
          [
            27.052774,
            45.387342
          ],
          [
            27.039177,
            45.382368
          ],
          [
            27.013098,
            45.378154
          ],
          [
            26.993824,
            45.378621
          ],
          [
            26.982475,
            45.376451
          ],
          [
            26.947642,
            45.381824
          ],
          [
            26.921722,
            45.390321
          ],
          [
            26.889113,
            45.382319
          ],
          [
            26.88999,
            45.376488
          ],
          [
            26.888521,
            45.384692
          ],
          [
            26.886675,
            45.395277
          ],
          [
            26.877719,
            45.411662
          ],
          [
            26.882734,
            45.454574
          ],
          [
            26.857483,
            45.459049
          ]
        ]
      },
      "properties": {
        "route_id": "060",
        "route_short_name": "060",
        "route_long_name": "Rm. Sărat Autogara TUC SA - Costomiru",
        "stroke": "#9a6324",
        "stroke-width": 2,
        "stroke-opacity": 0.8
      }
    },
    {
      "type": "Feature",
      "geometry": {
        "type": "LineString",
        "coordinates": [
          [
            27.052774,
            45.387342
          ],
          [
            27.039177,
            45.382368
          ],
          [
            27.024798,
            45.378047
          ],
          [
            26.679494,
            45.479389
          ],
          [
            26.699809,
            45.477162
          ],
          [
            26.721829,
            45.472397
          ],
          [
            26.744325,
            45.462338
          ],
          [
            26.785443,
            45.485716
          ],
          [
            26.79737,
            45.49472
          ],
          [
            26.808777,
            45.501072
          ],
          [
            26.832149,
            45.496611
          ],
          [
            26.8749,
            45.507003
          ],
          [
            26.967374,
            45.470026
          ],
          [
            26.942842,
            45.475819
          ],
          [
            26.924651,
            45.481852
          ],
          [
            26.904375,
            45.493925
          ],
          [
            26.904792,
            45.499658
          ],
          [
            26.916658,
            45.513322
          ],
          [
            26.925932,
            45.51703
          ],
          [
            26.929333,
            45.521605
          ],
          [
            26.929333,
            45.521605
          ]
        ]
      },
      "properties": {
        "route_id": "062",
        "route_short_name": "062",
        "route_long_name": "Rm. Sărat Autogara TUC SA - Mucești-Dănulești",
        "stroke": "#469990",
        "stroke-width": 2,
        "stroke-opacity": 0.8
      }
    },
    {
      "type": "Feature",
      "geometry": {
        "type": "LineString",
        "coordinates": [
          [
            27.052774,
            45.387342
          ],
          [
            27.039177,
            45.382368
          ],
          [
            27.024798,
            45.378047
          ],
          [
            26.679494,
            45.479389
          ],
          [
            26.699809,
            45.477162
          ],
          [
            26.721829,
            45.472397
          ],
          [
            26.744325,
            45.462338
          ],
          [
            26.785443,
            45.485716
          ],
          [
            26.79737,
            45.49472
          ],
          [
            26.808777,
            45.501072
          ],
          [
            26.832149,
            45.496611
          ],
          [
            26.8749,
            45.507003
          ],
          [
            26.967374,
            45.470026
          ],
          [
            26.942842,
            45.475819
          ],
          [
            26.924651,
            45.481852
          ],
          [
            26.904375,
            45.493925
          ],
          [
            26.904792,
            45.499658
          ],
          [
            26.894278,
            45.413987
          ],
          [
            26.894278,
            45.413987
          ]
        ]
      },
      "properties": {
        "route_id": "063",
        "route_short_name": "063",
        "route_long_name": "Rm. Sărat Autogara TUC SA - Valea Salciei",
        "stroke": "#800000",
        "stroke-width": 2,
        "stroke-opacity": 0.8
      }
    },
    {
      "type": "Feature",
      "geometry": {
        "type": "Point",
        "coordinates": [
          26.91665787158913,
          45.51332161239949
        ]
      },
      "properties": {
        "name": "Al. Odobescu 1",
        "source": "osrm_interpolated",
        "marker-color": "#aa00aa",
        "marker-size": "small"
      }
    },
    {
      "type": "Feature",
      "geometry": {
        "type": "Point",
        "coordinates": [
          26.92593173465082,
          45.51703026854177
        ]
      },
      "properties": {
        "name": "Al. Odobescu 2",
        "source": "osrm_interpolated",
        "marker-color": "#aa00aa",
        "marker-size": "small"
      }
    },
    {
      "type": "Feature",
      "geometry": {
        "type": "Point",
        "coordinates": [
          26.9254914,
          44.9904188
        ]
      },
      "properties": {
        "name": "Albeşti",
        "source": "nominatim",
        "marker-color": "#0066ff",
        "marker-size": "small"
      }
    },
    {
      "type": "Feature",
      "geometry": {
        "type": "Point",
        "coordinates": [
          26.7567622,
          45.3191323
        ]
      },
      "properties": {
        "name": "Aldeni",
        "source": "nominatim",
        "marker-color": "#0066ff",
        "marker-size": "small"
      }
    },
    {
      "type": "Feature",
      "geometry": {
        "type": "Point",
        "coordinates": [
          26.75034018706298,
          45.31121080757772
        ]
      },
      "properties": {
        "name": "Aldeni magazin",
        "source": "osrm_interpolated",
        "marker-color": "#aa00aa",
        "marker-size": "small"
      }
    },
    {
      "type": "Feature",
      "geometry": {
        "type": "Point",
        "coordinates": [
          26.7044857027177,
          45.25300587566137
        ]
      },
      "properties": {
        "name": "Amaru",
        "source": "osrm_interpolated",
        "marker-color": "#aa00aa",
        "marker-size": "small"
      }
    },
    {
      "type": "Feature",
      "geometry": {
        "type": "Point",
        "coordinates": [
          26.6794936,
          45.479389
        ]
      },
      "properties": {
        "name": "Apostari",
        "source": "osm",
        "marker-color": "#00aa00",
        "marker-size": "small"
      }
    },
    {
      "type": "Feature",
      "geometry": {
        "type": "Point",
        "coordinates": [
          26.8297906,
          45.1437355
        ]
      },
      "properties": {
        "name": "Autogara Sud",
        "source": "nominatim",
        "marker-color": "#0066ff",
        "marker-size": "small"
      }
    },
    {
      "type": "Feature",
      "geometry": {
        "type": "Point",
        "coordinates": [
          26.8147196,
          45.1625069
        ]
      },
      "properties": {
        "name": "Autogara XXL",
        "source": "nominatim",
        "marker-color": "#0066ff",
        "marker-size": "small"
      }
    },
    {
      "type": "Feature",
      "geometry": {
        "type": "Point",
        "coordinates": [
          27.2848285,
          45.3046294
        ]
      },
      "properties": {
        "name": "Balta Albă",
        "source": "nominatim",
        "marker-color": "#0066ff",
        "marker-size": "small"
      }
    },
    {
      "type": "Feature",
      "geometry": {
        "type": "Point",
        "coordinates": [
          26.6975616,
          45.4047559
        ]
      },
      "properties": {
        "name": "Balta Tocila",
        "source": "nominatim",
        "marker-color": "#0066ff",
        "marker-size": "small"
      }
    },
    {
      "type": "Feature",
      "geometry": {
        "type": "Point",
        "coordinates": [
          26.8777191,
          45.4116623
        ]
      },
      "properties": {
        "name": "Batogu",
        "source": "osm",
        "marker-color": "#00aa00",
        "marker-size": "small"
      }
    },
    {
      "type": "Feature",
      "geometry": {
        "type": "Point",
        "coordinates": [
          26.769004,
          45.3821003
        ]
      },
      "properties": {
        "name": "Beceni",
        "source": "nominatim",
        "marker-color": "#0066ff",
        "marker-size": "small"
      }
    },
    {
      "type": "Feature",
      "geometry": {
        "type": "Point",
        "coordinates": [
          26.7107282,
          45.3754504
        ]
      },
      "properties": {
        "name": "Beciu",
        "source": "nominatim",
        "marker-color": "#0066ff",
        "marker-size": "small"
      }
    },
    {
      "type": "Feature",
      "geometry": {
        "type": "Point",
        "coordinates": [
          26.972864476443565,
          45.06613282257857
        ]
      },
      "properties": {
        "name": "Bentu",
        "source": "transbus",
        "marker-color": "#ff0000",
        "marker-size": "small"
      }
    },
    {
      "type": "Feature",
      "geometry": {
        "type": "Point",
        "coordinates": [
          26.688677510210923,
          45.28327518272051
        ]
      },
      "properties": {
        "name": "Berca Consiliul Local",
        "source": "osrm_interpolated",
        "marker-color": "#aa00aa",
        "marker-size": "small"
      }
    },
    {
      "type": "Feature",
      "geometry": {
        "type": "Point",
        "coordinates": [
          26.67407443493234,
          45.28747706341413
        ]
      },
      "properties": {
        "name": "Berca ramificaţie",
        "source": "osrm_interpolated",
        "marker-color": "#aa00aa",
        "marker-size": "small"
      }
    },
    {
      "type": "Feature",
      "geometry": {
        "type": "Point",
        "coordinates": [
          26.6728979,
          45.4838587
        ]
      },
      "properties": {
        "name": "Beşlii",
        "source": "osm",
        "marker-color": "#00aa00",
        "marker-size": "small"
      }
    },
    {
      "type": "Feature",
      "geometry": {
        "type": "Point",
        "coordinates": [
          26.706427,
          45.5422326
        ]
      },
      "properties": {
        "name": "Bisoca",
        "source": "nominatim",
        "marker-color": "#0066ff",
        "marker-size": "small"
      }
    },
    {
      "type": "Feature",
      "geometry": {
        "type": "Point",
        "coordinates": [
          26.69536822952554,
          45.52933774521655
        ]
      },
      "properties": {
        "name": "Bisocuţa",
        "source": "osrm_interpolated",
        "marker-color": "#aa00aa",
        "marker-size": "small"
      }
    },
    {
      "type": "Feature",
      "geometry": {
        "type": "Point",
        "coordinates": [
          26.800402483312702,
          45.171166425604326
        ]
      },
      "properties": {
        "name": "Boboc 1",
        "source": "osrm_interpolated",
        "marker-color": "#aa00aa",
        "marker-size": "small"
      }
    },
    {
      "type": "Feature",
      "geometry": {
        "type": "Point",
        "coordinates": [
          26.77043575947037,
          45.175519803954955
        ]
      },
      "properties": {
        "name": "Boboc 2",
        "source": "osrm_interpolated",
        "marker-color": "#aa00aa",
        "marker-size": "small"
      }
    },
    {
      "type": "Feature",
      "geometry": {
        "type": "Point",
        "coordinates": [
          26.749430865532723,
          45.185854092525
        ]
      },
      "properties": {
        "name": "Boboc 3",
        "source": "osrm_interpolated",
        "marker-color": "#aa00aa",
        "marker-size": "small"
      }
    },
    {
      "type": "Feature",
      "geometry": {
        "type": "Point",
        "coordinates": [
          26.9287514,
          45.2094997
        ]
      },
      "properties": {
        "name": "Boboc Gară",
        "source": "nominatim",
        "marker-color": "#0066ff",
        "marker-size": "small"
      }
    },
    {
      "type": "Feature",
      "geometry": {
        "type": "Point",
        "coordinates": [
          27.2402692,
          45.3227859
        ]
      },
      "properties": {
        "name": "Boldu",
        "source": "nominatim",
        "marker-color": "#0066ff",
        "marker-size": "small"
      }
    },
    {
      "type": "Feature",
      "geometry": {
        "type": "Point",
        "coordinates": [
          26.48784,
          45.3739675
        ]
      },
      "properties": {
        "name": "Bozioru 1",
        "source": "osm",
        "marker-color": "#00aa00",
        "marker-size": "small"
      }
    },
    {
      "type": "Feature",
      "geometry": {
        "type": "Point",
        "coordinates": [
          26.490912,
          45.3814466
        ]
      },
      "properties": {
        "name": "Bozioru 2",
        "source": "osm",
        "marker-color": "#00aa00",
        "marker-size": "small"
      }
    },
    {
      "type": "Feature",
      "geometry": {
        "type": "Point",
        "coordinates": [
          26.533369427226898,
          45.08588887131609
        ]
      },
      "properties": {
        "name": "Breaza 1",
        "source": "osrm_interpolated",
        "marker-color": "#aa00aa",
        "marker-size": "small"
      }
    },
    {
      "type": "Feature",
      "geometry": {
        "type": "Point",
        "coordinates": [
          26.528572654628206,
          45.091790238359906
        ]
      },
      "properties": {
        "name": "Breaza 2",
        "source": "osrm_interpolated",
        "marker-color": "#aa00aa",
        "marker-size": "small"
      }
    },
    {
      "type": "Feature",
      "geometry": {
        "type": "Point",
        "coordinates": [
          26.5102517,
          45.4303432
        ]
      },
      "properties": {
        "name": "Brăeşti",
        "source": "nominatim",
        "marker-color": "#0066ff",
        "marker-size": "small"
      }
    },
    {
      "type": "Feature",
      "geometry": {
        "type": "Point",
        "coordinates": [
          26.4826606,
          45.4687135
        ]
      },
      "properties": {
        "name": "Brătileşti",
        "source": "nominatim",
        "marker-color": "#0066ff",
        "marker-size": "small"
      }
    },
    {
      "type": "Feature",
      "geometry": {
        "type": "Point",
        "coordinates": [
          26.904375143659582,
          45.493924868872575
        ]
      },
      "properties": {
        "name": "Buda 1",
        "source": "osrm_interpolated",
        "marker-color": "#aa00aa",
        "marker-size": "small"
      }
    },
    {
      "type": "Feature",
      "geometry": {
        "type": "Point",
        "coordinates": [
          26.904791528010037,
          45.49965796414828
        ]
      },
      "properties": {
        "name": "Buda 2",
        "source": "osrm_interpolated",
        "marker-color": "#aa00aa",
        "marker-size": "small"
      }
    },
    {
      "type": "Feature",
      "geometry": {
        "type": "Point",
        "coordinates": [
          26.7857023,
          45.0436425
        ]
      },
      "properties": {
        "name": "Budişteni",
        "source": "nominatim",
        "marker-color": "#0066ff",
        "marker-size": "small"
      }
    },
    {
      "type": "Feature",
      "geometry": {
        "type": "Point",
        "coordinates": [
          26.8297906,
          45.1437355
        ]
      },
      "properties": {
        "name": "Buzău Autogara Sud",
        "source": "nominatim",
        "marker-color": "#0066ff",
        "marker-size": "small"
      }
    },
    {
      "type": "Feature",
      "geometry": {
        "type": "Point",
        "coordinates": [
          26.8147196,
          45.1625069
        ]
      },
      "properties": {
        "name": "Buzău Autogara XXL",
        "source": "nominatim",
        "marker-color": "#0066ff",
        "marker-size": "small"
      }
    },
    {
      "type": "Feature",
      "geometry": {
        "type": "Point",
        "coordinates": [
          26.800744042212347,
          45.160255841599565
        ]
      },
      "properties": {
        "name": "Buzău Chimica",
        "source": "osrm_interpolated",
        "marker-color": "#aa00aa",
        "marker-size": "small"
      }
    },
    {
      "type": "Feature",
      "geometry": {
        "type": "Point",
        "coordinates": [
          26.7673010222917,
          45.12836040227064
        ]
      },
      "properties": {
        "name": "Buzău Cimitirul Evreiesc",
        "source": "osrm_interpolated",
        "marker-color": "#aa00aa",
        "marker-size": "small"
      }
    },
    {
      "type": "Feature",
      "geometry": {
        "type": "Point",
        "coordinates": [
          26.80859348325835,
          45.15994066322934
        ]
      },
      "properties": {
        "name": "Buzău Clubul poliţiştilor",
        "source": "osrm_interpolated",
        "marker-color": "#aa00aa",
        "marker-size": "small"
      }
    },
    {
      "type": "Feature",
      "geometry": {
        "type": "Point",
        "coordinates": [
          26.8247176,
          45.1431646
        ]
      },
      "properties": {
        "name": "Buzău Drăgaică",
        "source": "osm",
        "marker-color": "#00aa00",
        "marker-size": "small"
      }
    },
    {
      "type": "Feature",
      "geometry": {
        "type": "Point",
        "coordinates": [
          26.7874379,
          45.1640185
        ]
      },
      "properties": {
        "name": "Buzău Fabrica de bere",
        "source": "osm",
        "marker-color": "#00aa00",
        "marker-size": "small"
      }
    },
    {
      "type": "Feature",
      "geometry": {
        "type": "Point",
        "coordinates": [
          26.81241650220888,
          45.14256509770199
        ]
      },
      "properties": {
        "name": "Buzău Intersecţie str. Independenţei",
        "source": "osrm_interpolated",
        "marker-color": "#aa00aa",
        "marker-size": "small"
      }
    },
    {
      "type": "Feature",
      "geometry": {
        "type": "Point",
        "coordinates": [
          26.78924361919562,
          45.13629036495566
        ]
      },
      "properties": {
        "name": "Buzău Intersecţie str.Independenţei",
        "source": "osrm_interpolated",
        "marker-color": "#aa00aa",
        "marker-size": "small"
      }
    },
    {
      "type": "Feature",
      "geometry": {
        "type": "Point",
        "coordinates": [
          26.84514385912905,
          45.142378596749175
        ]
      },
      "properties": {
        "name": "Buzău Mariage IPIC CF",
        "source": "osrm_interpolated",
        "marker-color": "#aa00aa",
        "marker-size": "small"
      }
    },
    {
      "type": "Feature",
      "geometry": {
        "type": "Point",
        "coordinates": [
          26.852486585298603,
          45.137335869158356
        ]
      },
      "properties": {
        "name": "Buzău Metalurgica",
        "source": "osrm_interpolated",
        "marker-color": "#aa00aa",
        "marker-size": "small"
      }
    },
    {
      "type": "Feature",
      "geometry": {
        "type": "Point",
        "coordinates": [
          26.771224904873584,
          45.1751824351357
        ]
      },
      "properties": {
        "name": "Buzău Presim",
        "source": "osrm_interpolated",
        "marker-color": "#aa00aa",
        "marker-size": "small"
      }
    },
    {
      "type": "Feature",
      "geometry": {
        "type": "Point",
        "coordinates": [
          26.1749784,
          45.3753182
        ]
      },
      "properties": {
        "name": "Bâsca Chiojdului Cap traseu",
        "source": "osm",
        "marker-color": "#00aa00",
        "marker-size": "small"
      }
    },
    {
      "type": "Feature",
      "geometry": {
        "type": "Point",
        "coordinates": [
          26.1900551,
          45.3689702
        ]
      },
      "properties": {
        "name": "Bâsca Chiojdului Magazin",
        "source": "osm",
        "marker-color": "#00aa00",
        "marker-size": "small"
      }
    },
    {
      "type": "Feature",
      "geometry": {
        "type": "Point",
        "coordinates": [
          26.61922061232007,
          45.485267435828185
        ]
      },
      "properties": {
        "name": "Bâsceni",
        "source": "osrm_interpolated",
        "marker-color": "#aa00aa",
        "marker-size": "small"
      }
    },
    {
      "type": "Feature",
      "geometry": {
        "type": "Point",
        "coordinates": [
          26.2719605,
          45.2607255
        ]
      },
      "properties": {
        "name": "Bâscenii de Jos 1",
        "source": "osm",
        "marker-color": "#00aa00",
        "marker-size": "small"
      }
    },
    {
      "type": "Feature",
      "geometry": {
        "type": "Point",
        "coordinates": [
          26.2656745,
          45.2674323
        ]
      },
      "properties": {
        "name": "Bâscenii de Jos 2",
        "source": "osm",
        "marker-color": "#00aa00",
        "marker-size": "small"
      }
    },
    {
      "type": "Feature",
      "geometry": {
        "type": "Point",
        "coordinates": [
          27.13421173564297,
          45.04866454448142
        ]
      },
      "properties": {
        "name": "Bîlhacu",
        "source": "osrm_interpolated",
        "marker-color": "#aa00aa",
        "marker-size": "small"
      }
    },
    {
      "type": "Feature",
      "geometry": {
        "type": "Point",
        "coordinates": [
          26.317595825137378,
          45.44661560969676
        ]
      },
      "properties": {
        "name": "Bîsca Roziliei Guţoi",
        "source": "osrm_interpolated",
        "marker-color": "#aa00aa",
        "marker-size": "small"
      }
    },
    {
      "type": "Feature",
      "geometry": {
        "type": "Point",
        "coordinates": [
          26.3406591319169,
          45.45520876544055
        ]
      },
      "properties": {
        "name": "Bîsca Roziliei Piață",
        "source": "osrm_interpolated",
        "marker-color": "#aa00aa",
        "marker-size": "small"
      }
    },
    {
      "type": "Feature",
      "geometry": {
        "type": "Point",
        "coordinates": [
          26.34847068551211,
          45.456100912570385
        ]
      },
      "properties": {
        "name": "Bîsca Roziliei Pod Vineţişu",
        "source": "osrm_interpolated",
        "marker-color": "#aa00aa",
        "marker-size": "small"
      }
    },
    {
      "type": "Feature",
      "geometry": {
        "type": "Point",
        "coordinates": [
          26.328334059858566,
          45.45054061323809
        ]
      },
      "properties": {
        "name": "Bîsca Roziliei Școală",
        "source": "osrm_interpolated",
        "marker-color": "#aa00aa",
        "marker-size": "small"
      }
    },
    {
      "type": "Feature",
      "geometry": {
        "type": "Point",
        "coordinates": [
          26.2719605,
          45.2607255
        ]
      },
      "properties": {
        "name": "Bîscenii de Sus 1",
        "source": "osm",
        "marker-color": "#00aa00",
        "marker-size": "small"
      }
    },
    {
      "type": "Feature",
      "geometry": {
        "type": "Point",
        "coordinates": [
          26.2656745,
          45.2674323
        ]
      },
      "properties": {
        "name": "Bîscenii de Sus 2",
        "source": "osm",
        "marker-color": "#00aa00",
        "marker-size": "small"
      }
    },
    {
      "type": "Feature",
      "geometry": {
        "type": "Point",
        "coordinates": [
          26.832149497809247,
          45.49661050876917
        ]
      },
      "properties": {
        "name": "Băbeni 1",
        "source": "osrm_interpolated",
        "marker-color": "#aa00aa",
        "marker-size": "small"
      }
    },
    {
      "type": "Feature",
      "geometry": {
        "type": "Point",
        "coordinates": [
          26.87490039404914,
          45.50700255761966
        ]
      },
      "properties": {
        "name": "Băbeni 2",
        "source": "osrm_interpolated",
        "marker-color": "#aa00aa",
        "marker-size": "small"
      }
    },
    {
      "type": "Feature",
      "geometry": {
        "type": "Point",
        "coordinates": [
          26.8304809,
          45.0132154
        ]
      },
      "properties": {
        "name": "Bălaia",
        "source": "nominatim",
        "marker-color": "#0066ff",
        "marker-size": "small"
      }
    },
    {
      "type": "Feature",
      "geometry": {
        "type": "Point",
        "coordinates": [
          27.1484056,
          45.0090502
        ]
      },
      "properties": {
        "name": "Bălteni",
        "source": "nominatim",
        "marker-color": "#0066ff",
        "marker-size": "small"
      }
    },
    {
      "type": "Feature",
      "geometry": {
        "type": "Point",
        "coordinates": [
          27.1254653,
          45.2484151
        ]
      },
      "properties": {
        "name": "Bălăceanu 1",
        "source": "osm",
        "marker-color": "#00aa00",
        "marker-size": "small"
      }
    },
    {
      "type": "Feature",
      "geometry": {
        "type": "Point",
        "coordinates": [
          27.1360919,
          45.2485502
        ]
      },
      "properties": {
        "name": "Bălăceanu Cap traseu",
        "source": "osm",
        "marker-color": "#00aa00",
        "marker-size": "small"
      }
    },
    {
      "type": "Feature",
      "geometry": {
        "type": "Point",
        "coordinates": [
          26.4854676,
          45.3408989
        ]
      },
      "properties": {
        "name": "Bălăneşti",
        "source": "nominatim",
        "marker-color": "#0066ff",
        "marker-size": "small"
      }
    },
    {
      "type": "Feature",
      "geometry": {
        "type": "Point",
        "coordinates": [
          27.164784,
          45.0473971
        ]
      },
      "properties": {
        "name": "CA Rosetti",
        "source": "nominatim",
        "marker-color": "#0066ff",
        "marker-size": "small"
      }
    },
    {
      "type": "Feature",
      "geometry": {
        "type": "Point",
        "coordinates": [
          26.2968527,
          45.2497696
        ]
      },
      "properties": {
        "name": "Calvini Primărie",
        "source": "osm",
        "marker-color": "#00aa00",
        "marker-size": "small"
      }
    },
    {
      "type": "Feature",
      "geometry": {
        "type": "Point",
        "coordinates": [
          26.9183846076746,
          45.09211718829952
        ]
      },
      "properties": {
        "name": "Caragele 1 DJ 203 I",
        "source": "osrm_interpolated",
        "marker-color": "#aa00aa",
        "marker-size": "small"
      }
    },
    {
      "type": "Feature",
      "geometry": {
        "type": "Point",
        "coordinates": [
          26.89411669996628,
          45.10880378103891
        ]
      },
      "properties": {
        "name": "Caragele 2 DJ 214 A",
        "source": "osrm_interpolated",
        "marker-color": "#aa00aa",
        "marker-size": "small"
      }
    },
    {
      "type": "Feature",
      "geometry": {
        "type": "Point",
        "coordinates": [
          26.7611134,
          45.2549007
        ]
      },
      "properties": {
        "name": "Cernăteşti",
        "source": "osm",
        "marker-color": "#00aa00",
        "marker-size": "small"
      }
    },
    {
      "type": "Feature",
      "geometry": {
        "type": "Point",
        "coordinates": [
          26.59595106100691,
          45.44486800563826
        ]
      },
      "properties": {
        "name": "Chiliile Primărie",
        "source": "osrm_interpolated",
        "marker-color": "#aa00aa",
        "marker-size": "small"
      }
    },
    {
      "type": "Feature",
      "geometry": {
        "type": "Point",
        "coordinates": [
          26.60078950778342,
          45.447445955448394
        ]
      },
      "properties": {
        "name": "Chiliile Școală",
        "source": "osrm_interpolated",
        "marker-color": "#aa00aa",
        "marker-size": "small"
      }
    },
    {
      "type": "Feature",
      "geometry": {
        "type": "Point",
        "coordinates": [
          26.206986538003186,
          45.35824830835901
        ]
      },
      "properties": {
        "name": "Chiojdu Mușoiu",
        "source": "osrm_interpolated",
        "marker-color": "#aa00aa",
        "marker-size": "small"
      }
    },
    {
      "type": "Feature",
      "geometry": {
        "type": "Point",
        "coordinates": [
          26.215589522171125,
          45.34868116251995
        ]
      },
      "properties": {
        "name": "Chiojdu Petrescu",
        "source": "osrm_interpolated",
        "marker-color": "#aa00aa",
        "marker-size": "small"
      }
    },
    {
      "type": "Feature",
      "geometry": {
        "type": "Point",
        "coordinates": [
          26.21109090488135,
          45.352844994773456
        ]
      },
      "properties": {
        "name": "Chiojdu Primărie",
        "source": "osrm_interpolated",
        "marker-color": "#aa00aa",
        "marker-size": "small"
      }
    },
    {
      "type": "Feature",
      "geometry": {
        "type": "Point",
        "coordinates": [
          26.326394594647013,
          45.370036165450756
        ]
      },
      "properties": {
        "name": "Chirlești 1",
        "source": "osrm_interpolated",
        "marker-color": "#aa00aa",
        "marker-size": "small"
      }
    },
    {
      "type": "Feature",
      "geometry": {
        "type": "Point",
        "coordinates": [
          26.32315352520787,
          45.3831095022681
        ]
      },
      "properties": {
        "name": "Chirlești 2",
        "source": "osrm_interpolated",
        "marker-color": "#aa00aa",
        "marker-size": "small"
      }
    },
    {
      "type": "Feature",
      "geometry": {
        "type": "Point",
        "coordinates": [
          27.0652939,
          45.0601851
        ]
      },
      "properties": {
        "name": "Cilibia",
        "source": "nominatim",
        "marker-color": "#0066ff",
        "marker-size": "small"
      }
    },
    {
      "type": "Feature",
      "geometry": {
        "type": "Point",
        "coordinates": [
          27.0216953,
          45.0431648
        ]
      },
      "properties": {
        "name": "Cilibia gară",
        "source": "nominatim",
        "marker-color": "#0066ff",
        "marker-size": "small"
      }
    },
    {
      "type": "Feature",
      "geometry": {
        "type": "Point",
        "coordinates": [
          26.7162662,
          44.9875282
        ]
      },
      "properties": {
        "name": "Cioranca",
        "source": "nominatim",
        "marker-color": "#0066ff",
        "marker-size": "small"
      }
    },
    {
      "type": "Feature",
      "geometry": {
        "type": "Point",
        "coordinates": [
          26.38548454125318,
          45.234988239170484
        ]
      },
      "properties": {
        "name": "Cislău 1",
        "source": "osrm_interpolated",
        "marker-color": "#aa00aa",
        "marker-size": "small"
      }
    },
    {
      "type": "Feature",
      "geometry": {
        "type": "Point",
        "coordinates": [
          26.37588500135268,
          45.243732323707604
        ]
      },
      "properties": {
        "name": "Cislău 2",
        "source": "osrm_interpolated",
        "marker-color": "#aa00aa",
        "marker-size": "small"
      }
    },
    {
      "type": "Feature",
      "geometry": {
        "type": "Point",
        "coordinates": [
          26.5224895,
          45.2615253
        ]
      },
      "properties": {
        "name": "Ciuta",
        "source": "nominatim",
        "marker-color": "#0066ff",
        "marker-size": "small"
      }
    },
    {
      "type": "Feature",
      "geometry": {
        "type": "Point",
        "coordinates": [
          26.5934104,
          45.0984349
        ]
      },
      "properties": {
        "name": "Clondiru de sus (Ghitcu)",
        "source": "nominatim",
        "marker-color": "#0066ff",
        "marker-size": "small"
      }
    },
    {
      "type": "Feature",
      "geometry": {
        "type": "Point",
        "coordinates": [
          26.583170178355953,
          45.28531686004791
        ]
      },
      "properties": {
        "name": "Cochirleanca 1",
        "source": "osrm_interpolated",
        "marker-color": "#aa00aa",
        "marker-size": "small"
      }
    },
    {
      "type": "Feature",
      "geometry": {
        "type": "Point",
        "coordinates": [
          26.551932288469065,
          45.29214729462845
        ]
      },
      "properties": {
        "name": "Cochirleanca 2",
        "source": "osrm_interpolated",
        "marker-color": "#aa00aa",
        "marker-size": "small"
      }
    },
    {
      "type": "Feature",
      "geometry": {
        "type": "Point",
        "coordinates": [
          26.512536233566966,
          45.328095577476375
        ]
      },
      "properties": {
        "name": "Cochirleanca 3",
        "source": "osrm_interpolated",
        "marker-color": "#aa00aa",
        "marker-size": "small"
      }
    },
    {
      "type": "Feature",
      "geometry": {
        "type": "Point",
        "coordinates": [
          26.8773715,
          45.2459957
        ]
      },
      "properties": {
        "name": "Coconari",
        "source": "nominatim",
        "marker-color": "#0066ff",
        "marker-size": "small"
      }
    },
    {
      "type": "Feature",
      "geometry": {
        "type": "Point",
        "coordinates": [
          26.3907327,
          45.3777772
        ]
      },
      "properties": {
        "name": "Colţi",
        "source": "nominatim",
        "marker-color": "#0066ff",
        "marker-size": "small"
      }
    },
    {
      "type": "Feature",
      "geometry": {
        "type": "Point",
        "coordinates": [
          26.247889551174914,
          45.320587596973574
        ]
      },
      "properties": {
        "name": "Corbu Centru",
        "source": "osrm_interpolated",
        "marker-color": "#aa00aa",
        "marker-size": "small"
      }
    },
    {
      "type": "Feature",
      "geometry": {
        "type": "Point",
        "coordinates": [
          26.247597331051352,
          45.307586674937504
        ]
      },
      "properties": {
        "name": "Corbu Cătun",
        "source": "osrm_interpolated",
        "marker-color": "#aa00aa",
        "marker-size": "small"
      }
    },
    {
      "type": "Feature",
      "geometry": {
        "type": "Point",
        "coordinates": [
          26.24208638498081,
          45.32727334893252
        ]
      },
      "properties": {
        "name": "Corbu Tronari",
        "source": "osrm_interpolated",
        "marker-color": "#aa00aa",
        "marker-size": "small"
      }
    },
    {
      "type": "Feature",
      "geometry": {
        "type": "Point",
        "coordinates": [
          26.7651614,
          45.0545515
        ]
      },
      "properties": {
        "name": "Costeşti Consiliul Local",
        "source": "osm",
        "marker-color": "#00aa00",
        "marker-size": "small"
      }
    },
    {
      "type": "Feature",
      "geometry": {
        "type": "Point",
        "coordinates": [
          26.7588413,
          45.0474543
        ]
      },
      "properties": {
        "name": "Costeşti Școală",
        "source": "osm",
        "marker-color": "#00aa00",
        "marker-size": "small"
      }
    },
    {
      "type": "Feature",
      "geometry": {
        "type": "Point",
        "coordinates": [
          27.0415479,
          45.2784355
        ]
      },
      "properties": {
        "name": "Costieni",
        "source": "nominatim",
        "marker-color": "#0066ff",
        "marker-size": "small"
      }
    },
    {
      "type": "Feature",
      "geometry": {
        "type": "Point",
        "coordinates": [
          26.8574833,
          45.4590489
        ]
      },
      "properties": {
        "name": "Costomiru",
        "source": "nominatim",
        "marker-color": "#0066ff",
        "marker-size": "small"
      }
    },
    {
      "type": "Feature",
      "geometry": {
        "type": "Point",
        "coordinates": [
          26.4906295,
          45.3309668
        ]
      },
      "properties": {
        "name": "Cozieni",
        "source": "nominatim",
        "marker-color": "#0066ff",
        "marker-size": "small"
      }
    },
    {
      "type": "Feature",
      "geometry": {
        "type": "Point",
        "coordinates": [
          26.4879514,
          45.3318087
        ]
      },
      "properties": {
        "name": "Cozieni Consiliu",
        "source": "osm",
        "marker-color": "#00aa00",
        "marker-size": "small"
      }
    },
    {
      "type": "Feature",
      "geometry": {
        "type": "Point",
        "coordinates": [
          26.7975987,
          45.0265692
        ]
      },
      "properties": {
        "name": "Cremenea",
        "source": "osm",
        "marker-color": "#00aa00",
        "marker-size": "small"
      }
    },
    {
      "type": "Feature",
      "geometry": {
        "type": "Point",
        "coordinates": [
          26.993823997971308,
          45.37862082307533
        ]
      },
      "properties": {
        "name": "Cristineşti",
        "source": "osrm_interpolated",
        "marker-color": "#aa00aa",
        "marker-size": "small"
      }
    },
    {
      "type": "Feature",
      "geometry": {
        "type": "Point",
        "coordinates": [
          27.0073874,
          45.2815203
        ]
      },
      "properties": {
        "name": "Cuculeasa",
        "source": "nominatim",
        "marker-color": "#0066ff",
        "marker-size": "small"
      }
    },
    {
      "type": "Feature",
      "geometry": {
        "type": "Point",
        "coordinates": [
          26.6305634,
          44.9683628
        ]
      },
      "properties": {
        "name": "Câmpeni",
        "source": "nominatim",
        "marker-color": "#0066ff",
        "marker-size": "small"
      }
    },
    {
      "type": "Feature",
      "geometry": {
        "type": "Point",
        "coordinates": [
          26.8199594,
          45.4511976
        ]
      },
      "properties": {
        "name": "Câmpulungeanca",
        "source": "osm",
        "marker-color": "#00aa00",
        "marker-size": "small"
      }
    },
    {
      "type": "Feature",
      "geometry": {
        "type": "Point",
        "coordinates": [
          26.7108616,
          45.2443624
        ]
      },
      "properties": {
        "name": "Cîndeşti (Biserică)",
        "source": "osm",
        "marker-color": "#00aa00",
        "marker-size": "small"
      }
    },
    {
      "type": "Feature",
      "geometry": {
        "type": "Point",
        "coordinates": [
          26.706280221873314,
          45.2487034686196
        ]
      },
      "properties": {
        "name": "Cîndeşti farmacie",
        "source": "osrm_interpolated",
        "marker-color": "#aa00aa",
        "marker-size": "small"
      }
    },
    {
      "type": "Feature",
      "geometry": {
        "type": "Point",
        "coordinates": [
          26.703732335674175,
          45.2548070279494
        ]
      },
      "properties": {
        "name": "Cîndeşti şcoală",
        "source": "osrm_interpolated",
        "marker-color": "#aa00aa",
        "marker-size": "small"
      }
    },
    {
      "type": "Feature",
      "geometry": {
        "type": "Point",
        "coordinates": [
          26.6872766,
          44.8814581
        ]
      },
      "properties": {
        "name": "Căldăruşanca",
        "source": "osm",
        "marker-color": "#00aa00",
        "marker-size": "small"
      }
    },
    {
      "type": "Feature",
      "geometry": {
        "type": "Point",
        "coordinates": [
          26.948663185168545,
          44.96452242863011
        ]
      },
      "properties": {
        "name": "Călţuna",
        "source": "transbus",
        "marker-color": "#ff0000",
        "marker-size": "small"
      }
    },
    {
      "type": "Feature",
      "geometry": {
        "type": "Point",
        "coordinates": [
          26.6027073,
          45.3975777
        ]
      },
      "properties": {
        "name": "Căneşti",
        "source": "nominatim",
        "marker-color": "#0066ff",
        "marker-size": "small"
      }
    },
    {
      "type": "Feature",
      "geometry": {
        "type": "Point",
        "coordinates": [
          26.807081109688465,
          45.181459197867156
        ]
      },
      "properties": {
        "name": "Căpăţîneşti",
        "source": "osrm_interpolated",
        "marker-color": "#aa00aa",
        "marker-size": "small"
      }
    },
    {
      "type": "Feature",
      "geometry": {
        "type": "Point",
        "coordinates": [
          26.7667369,
          45.3618337
        ]
      },
      "properties": {
        "name": "Cărpiniştea",
        "source": "nominatim",
        "marker-color": "#0066ff",
        "marker-size": "small"
      }
    },
    {
      "type": "Feature",
      "geometry": {
        "type": "Point",
        "coordinates": [
          26.7563078,
          45.4637686
        ]
      },
      "properties": {
        "name": "Cărătnău",
        "source": "nominatim",
        "marker-color": "#0066ff",
        "marker-size": "small"
      }
    },
    {
      "type": "Feature",
      "geometry": {
        "type": "Point",
        "coordinates": [
          26.250480768420044,
          45.28928247909076
        ]
      },
      "properties": {
        "name": "Cătina Primărie",
        "source": "osrm_interpolated",
        "marker-color": "#aa00aa",
        "marker-size": "small"
      }
    },
    {
      "type": "Feature",
      "geometry": {
        "type": "Point",
        "coordinates": [
          26.246074493865564,
          45.293627893981665
        ]
      },
      "properties": {
        "name": "Cătina Satic",
        "source": "osrm_interpolated",
        "marker-color": "#aa00aa",
        "marker-size": "small"
      }
    },
    {
      "type": "Feature",
      "geometry": {
        "type": "Point",
        "coordinates": [
          26.6011277,
          45.0992075
        ]
      },
      "properties": {
        "name": "Dara Ramificaţie",
        "source": "osm",
        "marker-color": "#00aa00",
        "marker-size": "small"
      }
    },
    {
      "type": "Feature",
      "geometry": {
        "type": "Point",
        "coordinates": [
          26.665341819540075,
          45.37105870032716
        ]
      },
      "properties": {
        "name": "Dealul Frumos",
        "source": "osrm_interpolated",
        "marker-color": "#aa00aa",
        "marker-size": "small"
      }
    },
    {
      "type": "Feature",
      "geometry": {
        "type": "Point",
        "coordinates": [
          26.751821635836365,
          45.521344271672724
        ]
      },
      "properties": {
        "name": "Dealul Sării",
        "source": "osrm_interpolated",
        "marker-color": "#aa00aa",
        "marker-size": "small"
      }
    },
    {
      "type": "Feature",
      "geometry": {
        "type": "Point",
        "coordinates": [
          26.6553115,
          45.1133524
        ]
      },
      "properties": {
        "name": "Dealul Viei",
        "source": "nominatim",
        "marker-color": "#0066ff",
        "marker-size": "small"
      }
    },
    {
      "type": "Feature",
      "geometry": {
        "type": "Point",
        "coordinates": [
          26.9673743,
          45.4700264
        ]
      },
      "properties": {
        "name": "Deduleşti",
        "source": "nominatim",
        "marker-color": "#0066ff",
        "marker-size": "small"
      }
    },
    {
      "type": "Feature",
      "geometry": {
        "type": "Point",
        "coordinates": [
          26.760268877696745,
          45.399268265810186
        ]
      },
      "properties": {
        "name": "Dimiana",
        "source": "osrm_interpolated",
        "marker-color": "#aa00aa",
        "marker-size": "small"
      }
    },
    {
      "type": "Feature",
      "geometry": {
        "type": "Point",
        "coordinates": [
          26.7563333,
          45.4128453
        ]
      },
      "properties": {
        "name": "Dogari",
        "source": "nominatim",
        "marker-color": "#0066ff",
        "marker-size": "small"
      }
    },
    {
      "type": "Feature",
      "geometry": {
        "type": "Point",
        "coordinates": [
          26.4643468,
          45.0881529
        ]
      },
      "properties": {
        "name": "Finţeşti",
        "source": "nominatim",
        "marker-color": "#0066ff",
        "marker-size": "small"
      }
    },
    {
      "type": "Feature",
      "geometry": {
        "type": "Point",
        "coordinates": [
          26.4676767,
          45.4022696
        ]
      },
      "properties": {
        "name": "Fișici",
        "source": "nominatim",
        "marker-color": "#0066ff",
        "marker-size": "small"
      }
    },
    {
      "type": "Feature",
      "geometry": {
        "type": "Point",
        "coordinates": [
          26.87934992748763,
          45.30459780472127
        ]
      },
      "properties": {
        "name": "Fudeni sere",
        "source": "osrm_interpolated",
        "marker-color": "#aa00aa",
        "marker-size": "small"
      }
    },
    {
      "type": "Feature",
      "geometry": {
        "type": "Point",
        "coordinates": [
          26.770961321175943,
          45.33750261357772
        ]
      },
      "properties": {
        "name": "Fulga",
        "source": "transbus",
        "marker-color": "#ff0000",
        "marker-size": "small"
      }
    },
    {
      "type": "Feature",
      "geometry": {
        "type": "Point",
        "coordinates": [
          26.8802817,
          45.2914112
        ]
      },
      "properties": {
        "name": "Fundeni",
        "source": "nominatim",
        "marker-color": "#0066ff",
        "marker-size": "small"
      }
    },
    {
      "type": "Feature",
      "geometry": {
        "type": "Point",
        "coordinates": [
          26.879858789420023,
          45.29579494611975
        ]
      },
      "properties": {
        "name": "Fundeni Poliție",
        "source": "osrm_interpolated",
        "marker-color": "#aa00aa",
        "marker-size": "small"
      }
    },
    {
      "type": "Feature",
      "geometry": {
        "type": "Point",
        "coordinates": [
          26.4035323,
          45.4620804
        ]
      },
      "properties": {
        "name": "Furtuneşti",
        "source": "nominatim",
        "marker-color": "#0066ff",
        "marker-size": "small"
      }
    },
    {
      "type": "Feature",
      "geometry": {
        "type": "Point",
        "coordinates": [
          26.849170515818383,
          45.42201342343219
        ]
      },
      "properties": {
        "name": "Fântânele",
        "source": "route_interpolated",
        "marker-color": "#00cccc",
        "marker-size": "small"
      }
    },
    {
      "type": "Feature",
      "geometry": {
        "type": "Point",
        "coordinates": [
          27.205439,
          45.2744623
        ]
      },
      "properties": {
        "name": "Ghergheasa Biserică",
        "source": "osm",
        "marker-color": "#00aa00",
        "marker-size": "small"
      }
    },
    {
      "type": "Feature",
      "geometry": {
        "type": "Point",
        "coordinates": [
          27.20654,
          45.27241
        ]
      },
      "properties": {
        "name": "Ghergheasa Cap Traseu",
        "source": "manual",
        "marker-color": "#ff8800",
        "marker-size": "small"
      }
    },
    {
      "type": "Feature",
      "geometry": {
        "type": "Point",
        "coordinates": [
          26.7915955,
          45.0252509
        ]
      },
      "properties": {
        "name": "Gherăseni",
        "source": "nominatim",
        "marker-color": "#0066ff",
        "marker-size": "small"
      }
    },
    {
      "type": "Feature",
      "geometry": {
        "type": "Point",
        "coordinates": [
          26.6271076,
          45.4540039
        ]
      },
      "properties": {
        "name": "Glodu Petcari",
        "source": "nominatim",
        "marker-color": "#0066ff",
        "marker-size": "small"
      }
    },
    {
      "type": "Feature",
      "geometry": {
        "type": "Point",
        "coordinates": [
          26.5046862,
          45.4674136
        ]
      },
      "properties": {
        "name": "Goidești",
        "source": "nominatim",
        "marker-color": "#0066ff",
        "marker-size": "small"
      }
    },
    {
      "type": "Feature",
      "geometry": {
        "type": "Point",
        "coordinates": [
          26.9824751,
          45.3764509
        ]
      },
      "properties": {
        "name": "Grebănu",
        "source": "nominatim",
        "marker-color": "#0066ff",
        "marker-size": "small"
      }
    },
    {
      "type": "Feature",
      "geometry": {
        "type": "Point",
        "coordinates": [
          26.5384828,
          45.0835655
        ]
      },
      "properties": {
        "name": "Greceanca 2",
        "source": "osm",
        "marker-color": "#00aa00",
        "marker-size": "small"
      }
    },
    {
      "type": "Feature",
      "geometry": {
        "type": "Point",
        "coordinates": [
          26.5448904,
          45.0759381
        ]
      },
      "properties": {
        "name": "Greceanca Biserică",
        "source": "osm",
        "marker-color": "#00aa00",
        "marker-size": "small"
      }
    },
    {
      "type": "Feature",
      "geometry": {
        "type": "Point",
        "coordinates": [
          26.6409659,
          45.4890633
        ]
      },
      "properties": {
        "name": "Grunji ramificaţie",
        "source": "osm",
        "marker-color": "#00aa00",
        "marker-size": "small"
      }
    },
    {
      "type": "Feature",
      "geometry": {
        "type": "Point",
        "coordinates": [
          26.3597307,
          45.2573373
        ]
      },
      "properties": {
        "name": "Gura Bâscei",
        "source": "nominatim",
        "marker-color": "#0066ff",
        "marker-size": "small"
      }
    },
    {
      "type": "Feature",
      "geometry": {
        "type": "Point",
        "coordinates": [
          26.6299508,
          45.5113167
        ]
      },
      "properties": {
        "name": "Gura Bădicului",
        "source": "nominatim",
        "marker-color": "#0066ff",
        "marker-size": "small"
      }
    },
    {
      "type": "Feature",
      "geometry": {
        "type": "Point",
        "coordinates": [
          26.4217039,
          45.4845486
        ]
      },
      "properties": {
        "name": "Gura Teghii",
        "source": "osm",
        "marker-color": "#00aa00",
        "marker-size": "small"
      }
    },
    {
      "type": "Feature",
      "geometry": {
        "type": "Point",
        "coordinates": [
          26.471147834043645,
          45.35625906098259
        ]
      },
      "properties": {
        "name": "Gura Ulmet",
        "source": "osrm_interpolated",
        "marker-color": "#aa00aa",
        "marker-size": "small"
      }
    },
    {
      "type": "Feature",
      "geometry": {
        "type": "Point",
        "coordinates": [
          26.6636623,
          45.3785759
        ]
      },
      "properties": {
        "name": "Gura Văii",
        "source": "nominatim",
        "marker-color": "#0066ff",
        "marker-size": "small"
      }
    },
    {
      "type": "Feature",
      "geometry": {
        "type": "Point",
        "coordinates": [
          26.666203518140286,
          45.37609143106691
        ]
      },
      "properties": {
        "name": "Gura Văii Cruce",
        "source": "osrm_interpolated",
        "marker-color": "#aa00aa",
        "marker-size": "small"
      }
    },
    {
      "type": "Feature",
      "geometry": {
        "type": "Point",
        "coordinates": [
          26.5859151,
          45.0148173
        ]
      },
      "properties": {
        "name": "Gägeni",
        "source": "nominatim",
        "marker-color": "#0066ff",
        "marker-size": "small"
      }
    },
    {
      "type": "Feature",
      "geometry": {
        "type": "Point",
        "coordinates": [
          26.9395161,
          45.0792289
        ]
      },
      "properties": {
        "name": "Gălbinaşi",
        "source": "nominatim",
        "marker-color": "#0066ff",
        "marker-size": "small"
      }
    },
    {
      "type": "Feature",
      "geometry": {
        "type": "Point",
        "coordinates": [
          27.1205746,
          45.2915143
        ]
      },
      "properties": {
        "name": "Heliade Rădulescu",
        "source": "nominatim",
        "marker-color": "#0066ff",
        "marker-size": "small"
      }
    },
    {
      "type": "Feature",
      "geometry": {
        "type": "Point",
        "coordinates": [
          26.5871429,
          45.0970874
        ]
      },
      "properties": {
        "name": "Hotar Pietroasele - Clondiru de Sus",
        "source": "osm",
        "marker-color": "#00aa00",
        "marker-size": "small"
      }
    },
    {
      "type": "Feature",
      "geometry": {
        "type": "Point",
        "coordinates": [
          26.5665679,
          45.0537173
        ]
      },
      "properties": {
        "name": "Istriţa de Jos",
        "source": "nominatim",
        "marker-color": "#0066ff",
        "marker-size": "small"
      }
    },
    {
      "type": "Feature",
      "geometry": {
        "type": "Point",
        "coordinates": [
          26.5665679,
          45.0537173
        ]
      },
      "properties": {
        "name": "Istriţa jos",
        "source": "nominatim",
        "marker-color": "#0066ff",
        "marker-size": "small"
      }
    },
    {
      "type": "Feature",
      "geometry": {
        "type": "Point",
        "coordinates": [
          26.4917843,
          45.4622668
        ]
      },
      "properties": {
        "name": "Ivanețu",
        "source": "nominatim",
        "marker-color": "#0066ff",
        "marker-size": "small"
      }
    },
    {
      "type": "Feature",
      "geometry": {
        "type": "Point",
        "coordinates": [
          26.6321233,
          45.11153
        ]
      },
      "properties": {
        "name": "Izvoru Dulce",
        "source": "nominatim",
        "marker-color": "#0066ff",
        "marker-size": "small"
      }
    },
    {
      "type": "Feature",
      "geometry": {
        "type": "Point",
        "coordinates": [
          26.767997800351715,
          45.342923750071094
        ]
      },
      "properties": {
        "name": "Izvoru Dulce 1",
        "source": "osrm_interpolated",
        "marker-color": "#aa00aa",
        "marker-size": "small"
      }
    },
    {
      "type": "Feature",
      "geometry": {
        "type": "Point",
        "coordinates": [
          26.766852792272964,
          45.345383308972714
        ]
      },
      "properties": {
        "name": "Izvoru Dulce 2",
        "source": "osrm_interpolated",
        "marker-color": "#aa00aa",
        "marker-size": "small"
      }
    },
    {
      "type": "Feature",
      "geometry": {
        "type": "Point",
        "coordinates": [
          26.768227767006287,
          45.35330293136389
        ]
      },
      "properties": {
        "name": "Izvoru Dulce 3",
        "source": "osrm_interpolated",
        "marker-color": "#aa00aa",
        "marker-size": "small"
      }
    },
    {
      "type": "Feature",
      "geometry": {
        "type": "Point",
        "coordinates": [
          26.285959694906605,
          45.25348703765088
        ]
      },
      "properties": {
        "name": "Izvorul Perilor",
        "source": "osrm_interpolated",
        "marker-color": "#aa00aa",
        "marker-size": "small"
      }
    },
    {
      "type": "Feature",
      "geometry": {
        "type": "Point",
        "coordinates": [
          26.6389469,
          45.5239685
        ]
      },
      "properties": {
        "name": "Jghiab",
        "source": "nominatim",
        "marker-color": "#0066ff",
        "marker-size": "small"
      }
    },
    {
      "type": "Feature",
      "geometry": {
        "type": "Point",
        "coordinates": [
          26.659895500000008,
          45.326017600000014
        ]
      },
      "properties": {
        "name": "Joseni",
        "source": "transbus",
        "marker-color": "#ff0000",
        "marker-size": "small"
      }
    },
    {
      "type": "Feature",
      "geometry": {
        "type": "Point",
        "coordinates": [
          26.5965004,
          45.4829414
        ]
      },
      "properties": {
        "name": "Jurubești",
        "source": "nominatim",
        "marker-color": "#0066ff",
        "marker-size": "small"
      }
    },
    {
      "type": "Feature",
      "geometry": {
        "type": "Point",
        "coordinates": [
          26.5296227,
          45.4034348
        ]
      },
      "properties": {
        "name": "Lacu",
        "source": "nominatim",
        "marker-color": "#0066ff",
        "marker-size": "small"
      }
    },
    {
      "type": "Feature",
      "geometry": {
        "type": "Point",
        "coordinates": [
          26.663501,
          45.366813
        ]
      },
      "properties": {
        "name": "Lacu Sinaia",
        "source": "route_interpolated",
        "marker-color": "#00cccc",
        "marker-size": "small"
      }
    },
    {
      "type": "Feature",
      "geometry": {
        "type": "Point",
        "coordinates": [
          26.68067344722285,
          45.541352075657926
        ]
      },
      "properties": {
        "name": "Lacuri ramificaţie",
        "source": "osrm_interpolated",
        "marker-color": "#aa00aa",
        "marker-size": "small"
      }
    },
    {
      "type": "Feature",
      "geometry": {
        "type": "Point",
        "coordinates": [
          27.088838107201422,
          45.272949785815804
        ]
      },
      "properties": {
        "name": "Lanuri",
        "source": "osrm_interpolated",
        "marker-color": "#aa00aa",
        "marker-size": "small"
      }
    },
    {
      "type": "Feature",
      "geometry": {
        "type": "Point",
        "coordinates": [
          27.08866097767679,
          45.27825257687027
        ]
      },
      "properties": {
        "name": "Lanuri ramificaţie",
        "source": "osrm_interpolated",
        "marker-color": "#aa00aa",
        "marker-size": "small"
      }
    },
    {
      "type": "Feature",
      "geometry": {
        "type": "Point",
        "coordinates": [
          26.771628561856115,
          45.20009644747659
        ]
      },
      "properties": {
        "name": "Largu 1",
        "source": "osrm_interpolated",
        "marker-color": "#aa00aa",
        "marker-size": "small"
      }
    },
    {
      "type": "Feature",
      "geometry": {
        "type": "Point",
        "coordinates": [
          26.75996749940497,
          45.209378759072095
        ]
      },
      "properties": {
        "name": "Largu 2",
        "source": "osrm_interpolated",
        "marker-color": "#aa00aa",
        "marker-size": "small"
      }
    },
    {
      "type": "Feature",
      "geometry": {
        "type": "Point",
        "coordinates": [
          26.751817570539146,
          45.21820666945834
        ]
      },
      "properties": {
        "name": "Largu 3",
        "source": "osrm_interpolated",
        "marker-color": "#aa00aa",
        "marker-size": "small"
      }
    },
    {
      "type": "Feature",
      "geometry": {
        "type": "Point",
        "coordinates": [
          26.23160978563792,
          45.33229252259256
        ]
      },
      "properties": {
        "name": "Lera",
        "source": "osrm_interpolated",
        "marker-color": "#aa00aa",
        "marker-size": "small"
      }
    },
    {
      "type": "Feature",
      "geometry": {
        "type": "Point",
        "coordinates": [
          26.7019679,
          44.9534619
        ]
      },
      "properties": {
        "name": "Limpeziş",
        "source": "nominatim",
        "marker-color": "#0066ff",
        "marker-size": "small"
      }
    },
    {
      "type": "Feature",
      "geometry": {
        "type": "Point",
        "coordinates": [
          26.9476417,
          45.3818241
        ]
      },
      "properties": {
        "name": "Livada",
        "source": "nominatim",
        "marker-color": "#0066ff",
        "marker-size": "small"
      }
    },
    {
      "type": "Feature",
      "geometry": {
        "type": "Point",
        "coordinates": [
          26.9217221,
          45.3903214
        ]
      },
      "properties": {
        "name": "Livada Mică",
        "source": "nominatim",
        "marker-color": "#0066ff",
        "marker-size": "small"
      }
    },
    {
      "type": "Feature",
      "geometry": {
        "type": "Point",
        "coordinates": [
          26.5925145,
          45.4832312
        ]
      },
      "properties": {
        "name": "Lopătari",
        "source": "nominatim",
        "marker-color": "#0066ff",
        "marker-size": "small"
      }
    },
    {
      "type": "Feature",
      "geometry": {
        "type": "Point",
        "coordinates": [
          26.842204793045706,
          45.14440580990849
        ]
      },
      "properties": {
        "name": "Luciu Moară",
        "source": "osrm_interpolated",
        "marker-color": "#aa00aa",
        "marker-size": "small"
      }
    },
    {
      "type": "Feature",
      "geometry": {
        "type": "Point",
        "coordinates": [
          26.816981420455384,
          45.15784580200086
        ]
      },
      "properties": {
        "name": "Luciu Parc",
        "source": "osrm_interpolated",
        "marker-color": "#aa00aa",
        "marker-size": "small"
      }
    },
    {
      "type": "Feature",
      "geometry": {
        "type": "Point",
        "coordinates": [
          26.831974709107072,
          45.152197325986776
        ]
      },
      "properties": {
        "name": "Luciu Primărie",
        "source": "osrm_interpolated",
        "marker-color": "#aa00aa",
        "marker-size": "small"
      }
    },
    {
      "type": "Feature",
      "geometry": {
        "type": "Point",
        "coordinates": [
          26.357358684499328,
          45.29506839652214
        ]
      },
      "properties": {
        "name": "Lunca",
        "source": "route_interpolated",
        "marker-color": "#00cccc",
        "marker-size": "small"
      }
    },
    {
      "type": "Feature",
      "geometry": {
        "type": "Point",
        "coordinates": [
          26.5347787,
          45.3022712
        ]
      },
      "properties": {
        "name": "Lunca Frumoasă 1",
        "source": "osm",
        "marker-color": "#00aa00",
        "marker-size": "small"
      }
    },
    {
      "type": "Feature",
      "geometry": {
        "type": "Point",
        "coordinates": [
          26.5347787,
          45.3022712
        ]
      },
      "properties": {
        "name": "Lunca Frumoasă 2",
        "source": "osm",
        "marker-color": "#00aa00",
        "marker-size": "small"
      }
    },
    {
      "type": "Feature",
      "geometry": {
        "type": "Point",
        "coordinates": [
          26.900966572141446,
          45.2781604798485
        ]
      },
      "properties": {
        "name": "Lunca Petrişorului",
        "source": "osrm_interpolated",
        "marker-color": "#aa00aa",
        "marker-size": "small"
      }
    },
    {
      "type": "Feature",
      "geometry": {
        "type": "Point",
        "coordinates": [
          26.307460868557907,
          45.438003429698966
        ]
      },
      "properties": {
        "name": "Lunca Priporului - Școală",
        "source": "osrm_interpolated",
        "marker-color": "#aa00aa",
        "marker-size": "small"
      }
    },
    {
      "type": "Feature",
      "geometry": {
        "type": "Point",
        "coordinates": [
          26.850153346165143,
          45.19138073818092
        ]
      },
      "properties": {
        "name": "Luncaşi",
        "source": "route_interpolated",
        "marker-color": "#00cccc",
        "marker-size": "small"
      }
    },
    {
      "type": "Feature",
      "geometry": {
        "type": "Point",
        "coordinates": [
          26.5442824,
          45.496327
        ]
      },
      "properties": {
        "name": "Luncile",
        "source": "nominatim",
        "marker-color": "#0066ff",
        "marker-size": "small"
      }
    },
    {
      "type": "Feature",
      "geometry": {
        "type": "Point",
        "coordinates": [
          26.8558164,
          45.0509055
        ]
      },
      "properties": {
        "name": "Maxenu",
        "source": "nominatim",
        "marker-color": "#0066ff",
        "marker-size": "small"
      }
    },
    {
      "type": "Feature",
      "geometry": {
        "type": "Point",
        "coordinates": [
          26.6747877,
          45.131612
        ]
      },
      "properties": {
        "name": "Merei Consiliul Local",
        "source": "osm",
        "marker-color": "#00aa00",
        "marker-size": "small"
      }
    },
    {
      "type": "Feature",
      "geometry": {
        "type": "Point",
        "coordinates": [
          26.686446200000002,
          45.1246323
        ]
      },
      "properties": {
        "name": "Merei moară",
        "source": "transbus",
        "marker-color": "#ff0000",
        "marker-size": "small"
      }
    },
    {
      "type": "Feature",
      "geometry": {
        "type": "Point",
        "coordinates": [
          26.6889277,
          44.9172801
        ]
      },
      "properties": {
        "name": "Mihăileşti",
        "source": "osm",
        "marker-color": "#00aa00",
        "marker-size": "small"
      }
    },
    {
      "type": "Feature",
      "geometry": {
        "type": "Point",
        "coordinates": [
          26.6889277,
          44.9172801
        ]
      },
      "properties": {
        "name": "Mihăileşti Cl. Local",
        "source": "osm",
        "marker-color": "#00aa00",
        "marker-size": "small"
      }
    },
    {
      "type": "Feature",
      "geometry": {
        "type": "Point",
        "coordinates": [
          26.256133285739658,
          45.28151019843678
        ]
      },
      "properties": {
        "name": "Moara Enica",
        "source": "osrm_interpolated",
        "marker-color": "#aa00aa",
        "marker-size": "small"
      }
    },
    {
      "type": "Feature",
      "geometry": {
        "type": "Point",
        "coordinates": [
          26.889113324749623,
          45.382319462964126
        ]
      },
      "properties": {
        "name": "Mocani",
        "source": "osrm_interpolated",
        "marker-color": "#aa00aa",
        "marker-size": "small"
      }
    },
    {
      "type": "Feature",
      "geometry": {
        "type": "Point",
        "coordinates": [
          26.8895642,
          44.9960204
        ]
      },
      "properties": {
        "name": "Moisica",
        "source": "osm",
        "marker-color": "#00aa00",
        "marker-size": "small"
      }
    },
    {
      "type": "Feature",
      "geometry": {
        "type": "Point",
        "coordinates": [
          26.8185699,
          45.1429542
        ]
      },
      "properties": {
        "name": "Motohani",
        "source": "osm",
        "marker-color": "#00aa00",
        "marker-size": "small"
      }
    },
    {
      "type": "Feature",
      "geometry": {
        "type": "Point",
        "coordinates": [
          26.689238406904757,
          44.989407297942776
        ]
      },
      "properties": {
        "name": "Movila Banului 1",
        "source": "osrm_interpolated",
        "marker-color": "#aa00aa",
        "marker-size": "small"
      }
    },
    {
      "type": "Feature",
      "geometry": {
        "type": "Point",
        "coordinates": [
          26.685913330147365,
          44.985286937999504
        ]
      },
      "properties": {
        "name": "Movila Banului 2",
        "source": "osrm_interpolated",
        "marker-color": "#aa00aa",
        "marker-size": "small"
      }
    },
    {
      "type": "Feature",
      "geometry": {
        "type": "Point",
        "coordinates": [
          26.681874779005607,
          44.974244054500815
        ]
      },
      "properties": {
        "name": "Movila Banului 3",
        "source": "osrm_interpolated",
        "marker-color": "#aa00aa",
        "marker-size": "small"
      }
    },
    {
      "type": "Feature",
      "geometry": {
        "type": "Point",
        "coordinates": [
          26.9293326,
          45.5216051
        ]
      },
      "properties": {
        "name": "Mucești Dănulești",
        "source": "nominatim",
        "marker-color": "#0066ff",
        "marker-size": "small"
      }
    },
    {
      "type": "Feature",
      "geometry": {
        "type": "Point",
        "coordinates": [
          26.8885211,
          45.3846917
        ]
      },
      "properties": {
        "name": "Murgeşti 2",
        "source": "osm",
        "marker-color": "#00aa00",
        "marker-size": "small"
      }
    },
    {
      "type": "Feature",
      "geometry": {
        "type": "Point",
        "coordinates": [
          26.8866749,
          45.3952775
        ]
      },
      "properties": {
        "name": "Murgeşti 3",
        "source": "osm",
        "marker-color": "#00aa00",
        "marker-size": "small"
      }
    },
    {
      "type": "Feature",
      "geometry": {
        "type": "Point",
        "coordinates": [
          26.8899903,
          45.3764877
        ]
      },
      "properties": {
        "name": "Murgești 1",
        "source": "osm",
        "marker-color": "#00aa00",
        "marker-size": "small"
      }
    },
    {
      "type": "Feature",
      "geometry": {
        "type": "Point",
        "coordinates": [
          27.0436858,
          45.0621159
        ]
      },
      "properties": {
        "name": "Mânzu",
        "source": "nominatim",
        "marker-color": "#0066ff",
        "marker-size": "small"
      }
    },
    {
      "type": "Feature",
      "geometry": {
        "type": "Point",
        "coordinates": [
          26.6574897,
          45.4868761
        ]
      },
      "properties": {
        "name": "Mânzăleşti",
        "source": "osm",
        "marker-color": "#00aa00",
        "marker-size": "small"
      }
    },
    {
      "type": "Feature",
      "geometry": {
        "type": "Point",
        "coordinates": [
          26.60012982973665,
          45.27952913972812
        ]
      },
      "properties": {
        "name": "Măgura 1",
        "source": "osrm_interpolated",
        "marker-color": "#aa00aa",
        "marker-size": "small"
      }
    },
    {
      "type": "Feature",
      "geometry": {
        "type": "Point",
        "coordinates": [
          26.5838610241837,
          45.28001310970881
        ]
      },
      "properties": {
        "name": "Măgura 2",
        "source": "osrm_interpolated",
        "marker-color": "#aa00aa",
        "marker-size": "small"
      }
    },
    {
      "type": "Feature",
      "geometry": {
        "type": "Point",
        "coordinates": [
          26.8386631,
          45.4318306
        ]
      },
      "properties": {
        "name": "Mărgăriteşti",
        "source": "nominatim",
        "marker-color": "#0066ff",
        "marker-size": "small"
      }
    },
    {
      "type": "Feature",
      "geometry": {
        "type": "Point",
        "coordinates": [
          26.7592614,
          45.3921841
        ]
      },
      "properties": {
        "name": "Mărgăriţi",
        "source": "nominatim",
        "marker-color": "#0066ff",
        "marker-size": "small"
      }
    },
    {
      "type": "Feature",
      "geometry": {
        "type": "Point",
        "coordinates": [
          26.3542081,
          45.2860993
        ]
      },
      "properties": {
        "name": "Mărunţişu",
        "source": "nominatim",
        "marker-color": "#0066ff",
        "marker-size": "small"
      }
    },
    {
      "type": "Feature",
      "geometry": {
        "type": "Point",
        "coordinates": [
          26.8246376,
          45.1768567
        ]
      },
      "properties": {
        "name": "Mărăcineni",
        "source": "nominatim",
        "marker-color": "#0066ff",
        "marker-size": "small"
      }
    },
    {
      "type": "Feature",
      "geometry": {
        "type": "Point",
        "coordinates": [
          26.817318089635826,
          45.17966045406823
        ]
      },
      "properties": {
        "name": "Mărăcineni ramificaţie",
        "source": "osrm_interpolated",
        "marker-color": "#aa00aa",
        "marker-size": "small"
      }
    },
    {
      "type": "Feature",
      "geometry": {
        "type": "Point",
        "coordinates": [
          26.7560674,
          45.2133931
        ]
      },
      "properties": {
        "name": "Măteşti",
        "source": "nominatim",
        "marker-color": "#0066ff",
        "marker-size": "small"
      }
    },
    {
      "type": "Feature",
      "geometry": {
        "type": "Point",
        "coordinates": [
          26.762893662672056,
          45.207111297352036
        ]
      },
      "properties": {
        "name": "Măteşti pod",
        "source": "osrm_interpolated",
        "marker-color": "#aa00aa",
        "marker-size": "small"
      }
    },
    {
      "type": "Feature",
      "geometry": {
        "type": "Point",
        "coordinates": [
          26.6109483,
          45.3775753
        ]
      },
      "properties": {
        "name": "Negoşina",
        "source": "nominatim",
        "marker-color": "#0066ff",
        "marker-size": "small"
      }
    },
    {
      "type": "Feature",
      "geometry": {
        "type": "Point",
        "coordinates": [
          26.3059311,
          45.4314069
        ]
      },
      "properties": {
        "name": "Nehoiașu Gara",
        "source": "nominatim",
        "marker-color": "#0066ff",
        "marker-size": "small"
      }
    },
    {
      "type": "Feature",
      "geometry": {
        "type": "Point",
        "coordinates": [
          26.3006492,
          45.4170539
        ]
      },
      "properties": {
        "name": "Nehoiu",
        "source": "osm",
        "marker-color": "#00aa00",
        "marker-size": "small"
      }
    },
    {
      "type": "Feature",
      "geometry": {
        "type": "Point",
        "coordinates": [
          26.7425206,
          45.4380132
        ]
      },
      "properties": {
        "name": "Niculeşti",
        "source": "nominatim",
        "marker-color": "#0066ff",
        "marker-size": "small"
      }
    },
    {
      "type": "Feature",
      "geometry": {
        "type": "Point",
        "coordinates": [
          26.4922657,
          45.0932119
        ]
      },
      "properties": {
        "name": "Năeni",
        "source": "nominatim",
        "marker-color": "#0066ff",
        "marker-size": "small"
      }
    },
    {
      "type": "Feature",
      "geometry": {
        "type": "Point",
        "coordinates": [
          26.5363929,
          45.396531
        ]
      },
      "properties": {
        "name": "Odăile",
        "source": "nominatim",
        "marker-color": "#0066ff",
        "marker-size": "small"
      }
    },
    {
      "type": "Feature",
      "geometry": {
        "type": "Point",
        "coordinates": [
          26.69247703093821,
          45.11581412806333
        ]
      },
      "properties": {
        "name": "Ogrăzi ramificaţie",
        "source": "osrm_interpolated",
        "marker-color": "#aa00aa",
        "marker-size": "small"
      }
    },
    {
      "type": "Feature",
      "geometry": {
        "type": "Point",
        "coordinates": [
          26.644424740725196,
          45.27942296799195
        ]
      },
      "properties": {
        "name": "Ojasca spital",
        "source": "osrm_interpolated",
        "marker-color": "#aa00aa",
        "marker-size": "small"
      }
    },
    {
      "type": "Feature",
      "geometry": {
        "type": "Point",
        "coordinates": [
          27.0299835,
          45.3707497
        ]
      },
      "properties": {
        "name": "Oreavul terasă",
        "source": "osm",
        "marker-color": "#00aa00",
        "marker-size": "small"
      }
    },
    {
      "type": "Feature",
      "geometry": {
        "type": "Point",
        "coordinates": [
          26.8827343,
          45.4545741
        ]
      },
      "properties": {
        "name": "Pardoşi",
        "source": "nominatim",
        "marker-color": "#0066ff",
        "marker-size": "small"
      }
    },
    {
      "type": "Feature",
      "geometry": {
        "type": "Point",
        "coordinates": [
          26.5432744,
          45.4883538
        ]
      },
      "properties": {
        "name": "Pestriţu",
        "source": "nominatim",
        "marker-color": "#0066ff",
        "marker-size": "small"
      }
    },
    {
      "type": "Feature",
      "geometry": {
        "type": "Point",
        "coordinates": [
          26.86955780407547,
          45.231671135857916
        ]
      },
      "properties": {
        "name": "Petrişoru Mustăţari",
        "source": "osrm_interpolated",
        "marker-color": "#aa00aa",
        "marker-size": "small"
      }
    },
    {
      "type": "Feature",
      "geometry": {
        "type": "Point",
        "coordinates": [
          26.88380256747091,
          45.25281229722117
        ]
      },
      "properties": {
        "name": "Petrişoru Școală",
        "source": "osrm_interpolated",
        "marker-color": "#aa00aa",
        "marker-size": "small"
      }
    },
    {
      "type": "Feature",
      "geometry": {
        "type": "Point",
        "coordinates": [
          26.5393612,
          45.3801431
        ]
      },
      "properties": {
        "name": "Piatra Albă",
        "source": "nominatim",
        "marker-color": "#0066ff",
        "marker-size": "small"
      }
    },
    {
      "type": "Feature",
      "geometry": {
        "type": "Point",
        "coordinates": [
          26.5784331,
          45.0932508
        ]
      },
      "properties": {
        "name": "Pietroasele Centru",
        "source": "osm",
        "marker-color": "#00aa00",
        "marker-size": "small"
      }
    },
    {
      "type": "Feature",
      "geometry": {
        "type": "Point",
        "coordinates": [
          26.5757078,
          45.0862032
        ]
      },
      "properties": {
        "name": "Pietroasele SCDVV (Pietroasa blocuri)",
        "source": "osm",
        "marker-color": "#00aa00",
        "marker-size": "small"
      }
    },
    {
      "type": "Feature",
      "geometry": {
        "type": "Point",
        "coordinates": [
          26.5730161,
          45.0904951
        ]
      },
      "properties": {
        "name": "Pietroasele şcoală",
        "source": "osm",
        "marker-color": "#00aa00",
        "marker-size": "small"
      }
    },
    {
      "type": "Feature",
      "geometry": {
        "type": "Point",
        "coordinates": [
          26.924650567594572,
          45.48185161478549
        ]
      },
      "properties": {
        "name": "Pietroiu",
        "source": "osrm_interpolated",
        "marker-color": "#aa00aa",
        "marker-size": "small"
      }
    },
    {
      "type": "Feature",
      "geometry": {
        "type": "Point",
        "coordinates": [
          27.0130976,
          45.3781536
        ]
      },
      "properties": {
        "name": "Plevna",
        "source": "nominatim",
        "marker-color": "#0066ff",
        "marker-size": "small"
      }
    },
    {
      "type": "Feature",
      "geometry": {
        "type": "Point",
        "coordinates": [
          26.901191336698904,
          45.27849247319323
        ]
      },
      "properties": {
        "name": "Pleşcoi 1",
        "source": "osrm_interpolated",
        "marker-color": "#aa00aa",
        "marker-size": "small"
      }
    },
    {
      "type": "Feature",
      "geometry": {
        "type": "Point",
        "coordinates": [
          26.78777545750961,
          45.191403568902444
        ]
      },
      "properties": {
        "name": "Pleşcoi 2",
        "source": "osrm_interpolated",
        "marker-color": "#aa00aa",
        "marker-size": "small"
      }
    },
    {
      "type": "Feature",
      "geometry": {
        "type": "Point",
        "coordinates": [
          26.7036484,
          45.2830751
        ]
      },
      "properties": {
        "name": "Pleșești",
        "source": "nominatim",
        "marker-color": "#0066ff",
        "marker-size": "small"
      }
    },
    {
      "type": "Feature",
      "geometry": {
        "type": "Point",
        "coordinates": [
          26.5151047,
          45.5144238
        ]
      },
      "properties": {
        "name": "Ploștina",
        "source": "nominatim",
        "marker-color": "#0066ff",
        "marker-size": "small"
      }
    },
    {
      "type": "Feature",
      "geometry": {
        "type": "Point",
        "coordinates": [
          26.7443393,
          45.4252706
        ]
      },
      "properties": {
        "name": "Podu Muncii",
        "source": "nominatim",
        "marker-color": "#0066ff",
        "marker-size": "small"
      }
    },
    {
      "type": "Feature",
      "geometry": {
        "type": "Point",
        "coordinates": [
          26.30531921888769,
          45.44340508101394
        ]
      },
      "properties": {
        "name": "Podu Negru",
        "source": "osrm_interpolated",
        "marker-color": "#aa00aa",
        "marker-size": "small"
      }
    },
    {
      "type": "Feature",
      "geometry": {
        "type": "Point",
        "coordinates": [
          26.5369790716843,
          45.26488584244123
        ]
      },
      "properties": {
        "name": "Podul Bălan",
        "source": "osrm_interpolated",
        "marker-color": "#aa00aa",
        "marker-size": "small"
      }
    },
    {
      "type": "Feature",
      "geometry": {
        "type": "Point",
        "coordinates": [
          26.7723882,
          45.4302568
        ]
      },
      "properties": {
        "name": "Podul Muncii",
        "source": "nominatim",
        "marker-color": "#0066ff",
        "marker-size": "small"
      }
    },
    {
      "type": "Feature",
      "geometry": {
        "type": "Point",
        "coordinates": [
          26.9861675,
          44.9182154
        ]
      },
      "properties": {
        "name": "Pogoanele Abator",
        "source": "osm",
        "marker-color": "#00aa00",
        "marker-size": "small"
      }
    },
    {
      "type": "Feature",
      "geometry": {
        "type": "Point",
        "coordinates": [
          26.9861675,
          44.9182154
        ]
      },
      "properties": {
        "name": "Pogoanele Brutărie",
        "source": "osm",
        "marker-color": "#00aa00",
        "marker-size": "small"
      }
    },
    {
      "type": "Feature",
      "geometry": {
        "type": "Point",
        "coordinates": [
          26.9861675,
          44.9182154
        ]
      },
      "properties": {
        "name": "Pogoanele Centru",
        "source": "osm",
        "marker-color": "#00aa00",
        "marker-size": "small"
      }
    },
    {
      "type": "Feature",
      "geometry": {
        "type": "Point",
        "coordinates": [
          26.9861675,
          44.9182154
        ]
      },
      "properties": {
        "name": "Pogoanele Electrica",
        "source": "osm",
        "marker-color": "#00aa00",
        "marker-size": "small"
      }
    },
    {
      "type": "Feature",
      "geometry": {
        "type": "Point",
        "coordinates": [
          26.9861675,
          44.9182154
        ]
      },
      "properties": {
        "name": "Pogoanele Piaţă",
        "source": "osm",
        "marker-color": "#00aa00",
        "marker-size": "small"
      }
    },
    {
      "type": "Feature",
      "geometry": {
        "type": "Point",
        "coordinates": [
          26.633649500232536,
          45.498254356320885
        ]
      },
      "properties": {
        "name": "Poiana Vîlcului",
        "source": "osrm_interpolated",
        "marker-color": "#aa00aa",
        "marker-size": "small"
      }
    },
    {
      "type": "Feature",
      "geometry": {
        "type": "Point",
        "coordinates": [
          26.3553237,
          45.2661413
        ]
      },
      "properties": {
        "name": "Poienile",
        "source": "nominatim",
        "marker-color": "#0066ff",
        "marker-size": "small"
      }
    },
    {
      "type": "Feature",
      "geometry": {
        "type": "Point",
        "coordinates": [
          26.6658445,
          45.3443649
        ]
      },
      "properties": {
        "name": "Policiori 1",
        "source": "osm",
        "marker-color": "#00aa00",
        "marker-size": "small"
      }
    },
    {
      "type": "Feature",
      "geometry": {
        "type": "Point",
        "coordinates": [
          26.6658445,
          45.3443649
        ]
      },
      "properties": {
        "name": "Policiori 2",
        "source": "osm",
        "marker-color": "#00aa00",
        "marker-size": "small"
      }
    },
    {
      "type": "Feature",
      "geometry": {
        "type": "Point",
        "coordinates": [
          26.6658445,
          45.3443649
        ]
      },
      "properties": {
        "name": "Policiori ramificaţie",
        "source": "osm",
        "marker-color": "#00aa00",
        "marker-size": "small"
      }
    },
    {
      "type": "Feature",
      "geometry": {
        "type": "Point",
        "coordinates": [
          26.695345520819842,
          45.10096700056985
        ]
      },
      "properties": {
        "name": "Popas Merei",
        "source": "osrm_interpolated",
        "marker-color": "#aa00aa",
        "marker-size": "small"
      }
    },
    {
      "type": "Feature",
      "geometry": {
        "type": "Point",
        "coordinates": [
          26.79277088370748,
          45.18943624430676
        ]
      },
      "properties": {
        "name": "Potocenii de Jos",
        "source": "osrm_interpolated",
        "marker-color": "#aa00aa",
        "marker-size": "small"
      }
    },
    {
      "type": "Feature",
      "geometry": {
        "type": "Point",
        "coordinates": [
          26.772813836660767,
          45.19863854186742
        ]
      },
      "properties": {
        "name": "Potocenii de Sus",
        "source": "osrm_interpolated",
        "marker-color": "#aa00aa",
        "marker-size": "small"
      }
    },
    {
      "type": "Feature",
      "geometry": {
        "type": "Point",
        "coordinates": [
          26.8612058,
          45.2191377
        ]
      },
      "properties": {
        "name": "Potărnicheşti",
        "source": "nominatim",
        "marker-color": "#0066ff",
        "marker-size": "small"
      }
    },
    {
      "type": "Feature",
      "geometry": {
        "type": "Point",
        "coordinates": [
          27.0141221,
          45.0672996
        ]
      },
      "properties": {
        "name": "Poşta Cilibia",
        "source": "nominatim",
        "marker-color": "#0066ff",
        "marker-size": "small"
      }
    },
    {
      "type": "Feature",
      "geometry": {
        "type": "Point",
        "coordinates": [
          26.8677529,
          45.2358365
        ]
      },
      "properties": {
        "name": "Poşta Câlnău",
        "source": "nominatim",
        "marker-color": "#0066ff",
        "marker-size": "small"
      }
    },
    {
      "type": "Feature",
      "geometry": {
        "type": "Point",
        "coordinates": [
          26.6794936,
          45.479389
        ]
      },
      "properties": {
        "name": "Poşta Școală",
        "source": "osm",
        "marker-color": "#00aa00",
        "marker-size": "small"
      }
    },
    {
      "type": "Feature",
      "geometry": {
        "type": "Point",
        "coordinates": [
          26.4825618,
          45.0948974
        ]
      },
      "properties": {
        "name": "Prosca",
        "source": "nominatim",
        "marker-color": "#0066ff",
        "marker-size": "small"
      }
    },
    {
      "type": "Feature",
      "geometry": {
        "type": "Point",
        "coordinates": [
          26.304380529259262,
          45.44125930928351
        ]
      },
      "properties": {
        "name": "Prund Arselele - Jetu",
        "source": "osrm_interpolated",
        "marker-color": "#aa00aa",
        "marker-size": "small"
      }
    },
    {
      "type": "Feature",
      "geometry": {
        "type": "Point",
        "coordinates": [
          26.8449655,
          45.3317024
        ]
      },
      "properties": {
        "name": "Pruneni",
        "source": "osm",
        "marker-color": "#00aa00",
        "marker-size": "small"
      }
    },
    {
      "type": "Feature",
      "geometry": {
        "type": "Point",
        "coordinates": [
          26.321122,
          45.3955272
        ]
      },
      "properties": {
        "name": "Păltineni",
        "source": "nominatim",
        "marker-color": "#0066ff",
        "marker-size": "small"
      }
    },
    {
      "type": "Feature",
      "geometry": {
        "type": "Point",
        "coordinates": [
          26.3732712,
          45.4630132
        ]
      },
      "properties": {
        "name": "Păltiniş",
        "source": "nominatim",
        "marker-color": "#0066ff",
        "marker-size": "small"
      }
    },
    {
      "type": "Feature",
      "geometry": {
        "type": "Point",
        "coordinates": [
          26.369913415795796,
          45.326858358117526
        ]
      },
      "properties": {
        "name": "Pănătău ramificaţie",
        "source": "osrm_interpolated",
        "marker-color": "#aa00aa",
        "marker-size": "small"
      }
    },
    {
      "type": "Feature",
      "geometry": {
        "type": "Point",
        "coordinates": [
          26.5461663,
          45.2889214
        ]
      },
      "properties": {
        "name": "Părscov",
        "source": "nominatim",
        "marker-color": "#0066ff",
        "marker-size": "small"
      }
    },
    {
      "type": "Feature",
      "geometry": {
        "type": "Point",
        "coordinates": [
          26.3575036,
          45.3237624
        ]
      },
      "properties": {
        "name": "Pătârlagele Autogara",
        "source": "osm",
        "marker-color": "#00aa00",
        "marker-size": "small"
      }
    },
    {
      "type": "Feature",
      "geometry": {
        "type": "Point",
        "coordinates": [
          26.3614156,
          45.3147742
        ]
      },
      "properties": {
        "name": "Pătârlagele centru",
        "source": "osm",
        "marker-color": "#00aa00",
        "marker-size": "small"
      }
    },
    {
      "type": "Feature",
      "geometry": {
        "type": "Point",
        "coordinates": [
          26.816466603781922,
          45.163008712272834
        ]
      },
      "properties": {
        "name": "Racoviţeni Botești",
        "source": "osrm_interpolated",
        "marker-color": "#aa00aa",
        "marker-size": "small"
      }
    },
    {
      "type": "Feature",
      "geometry": {
        "type": "Point",
        "coordinates": [
          26.855301810266614,
          45.21053551270419
        ]
      },
      "properties": {
        "name": "Racoviţeni Moară",
        "source": "osrm_interpolated",
        "marker-color": "#aa00aa",
        "marker-size": "small"
      }
    },
    {
      "type": "Feature",
      "geometry": {
        "type": "Point",
        "coordinates": [
          26.837101843085225,
          45.18880680606553
        ]
      },
      "properties": {
        "name": "Racoviţeni Poliție",
        "source": "osrm_interpolated",
        "marker-color": "#aa00aa",
        "marker-size": "small"
      }
    },
    {
      "type": "Feature",
      "geometry": {
        "type": "Point",
        "coordinates": [
          27.0527743,
          45.3873416
        ]
      },
      "properties": {
        "name": "Rm. Sărat Autogara TUC SA",
        "source": "osm",
        "marker-color": "#00aa00",
        "marker-size": "small"
      }
    },
    {
      "type": "Feature",
      "geometry": {
        "type": "Point",
        "coordinates": [
          27.0511042,
          45.3882484
        ]
      },
      "properties": {
        "name": "Rm. Sărat Autogara Valman Tur",
        "source": "osm",
        "marker-color": "#00aa00",
        "marker-size": "small"
      }
    },
    {
      "type": "Feature",
      "geometry": {
        "type": "Point",
        "coordinates": [
          27.0527743,
          45.3873416
        ]
      },
      "properties": {
        "name": "Rm. Sărat autobază",
        "source": "osm",
        "marker-color": "#00aa00",
        "marker-size": "small"
      }
    },
    {
      "type": "Feature",
      "geometry": {
        "type": "Point",
        "coordinates": [
          27.0247976,
          45.3780473
        ]
      },
      "properties": {
        "name": "Rm. Sărat cartier Barasca",
        "source": "osm",
        "marker-color": "#00aa00",
        "marker-size": "small"
      }
    },
    {
      "type": "Feature",
      "geometry": {
        "type": "Point",
        "coordinates": [
          27.03917739940615,
          45.38236846403008
        ]
      },
      "properties": {
        "name": "Rm. Sărat pod",
        "source": "osrm_interpolated",
        "marker-color": "#aa00aa",
        "marker-size": "small"
      }
    },
    {
      "type": "Feature",
      "geometry": {
        "type": "Point",
        "coordinates": [
          26.5847526,
          45.2956004
        ]
      },
      "properties": {
        "name": "Robeşti",
        "source": "nominatim",
        "marker-color": "#0066ff",
        "marker-size": "small"
      }
    },
    {
      "type": "Feature",
      "geometry": {
        "type": "Point",
        "coordinates": [
          26.942841942857722,
          45.47581930681334
        ]
      },
      "properties": {
        "name": "Roiu",
        "source": "osrm_interpolated",
        "marker-color": "#aa00aa",
        "marker-size": "small"
      }
    },
    {
      "type": "Feature",
      "geometry": {
        "type": "Point",
        "coordinates": [
          26.353658636042162,
          45.26816940447855
        ]
      },
      "properties": {
        "name": "Roscoi",
        "source": "osrm_interpolated",
        "marker-color": "#aa00aa",
        "marker-size": "small"
      }
    },
    {
      "type": "Feature",
      "geometry": {
        "type": "Point",
        "coordinates": [
          26.48784,
          45.3739675
        ]
      },
      "properties": {
        "name": "Roşioru 1",
        "source": "osm",
        "marker-color": "#00aa00",
        "marker-size": "small"
      }
    },
    {
      "type": "Feature",
      "geometry": {
        "type": "Point",
        "coordinates": [
          26.490912,
          45.3814466
        ]
      },
      "properties": {
        "name": "Roşioru 2",
        "source": "osm",
        "marker-color": "#00aa00",
        "marker-size": "small"
      }
    },
    {
      "type": "Feature",
      "geometry": {
        "type": "Point",
        "coordinates": [
          27.0752528,
          45.353002
        ]
      },
      "properties": {
        "name": "Rubla",
        "source": "nominatim",
        "marker-color": "#0066ff",
        "marker-size": "small"
      }
    },
    {
      "type": "Feature",
      "geometry": {
        "type": "Point",
        "coordinates": [
          27.1066641,
          45.364083
        ]
      },
      "properties": {
        "name": "Rîmnicelu",
        "source": "nominatim",
        "marker-color": "#0066ff",
        "marker-size": "small"
      }
    },
    {
      "type": "Feature",
      "geometry": {
        "type": "Point",
        "coordinates": [
          26.7973703839522,
          45.494720037025886
        ]
      },
      "properties": {
        "name": "Răducesti 2",
        "source": "osrm_interpolated",
        "marker-color": "#aa00aa",
        "marker-size": "small"
      }
    },
    {
      "type": "Feature",
      "geometry": {
        "type": "Point",
        "coordinates": [
          26.785443460342876,
          45.485715855698054
        ]
      },
      "properties": {
        "name": "Răduceşti 1",
        "source": "osrm_interpolated",
        "marker-color": "#aa00aa",
        "marker-size": "small"
      }
    },
    {
      "type": "Feature",
      "geometry": {
        "type": "Point",
        "coordinates": [
          26.80877680512551,
          45.501071883075305
        ]
      },
      "properties": {
        "name": "Răduceşti 3",
        "source": "osrm_interpolated",
        "marker-color": "#aa00aa",
        "marker-size": "small"
      }
    },
    {
      "type": "Feature",
      "geometry": {
        "type": "Point",
        "coordinates": [
          26.6120838,
          45.0981931
        ]
      },
      "properties": {
        "name": "Saranga moara Rînceanu",
        "source": "osm",
        "marker-color": "#00aa00",
        "marker-size": "small"
      }
    },
    {
      "type": "Feature",
      "geometry": {
        "type": "Point",
        "coordinates": [
          26.6161796,
          45.482705
        ]
      },
      "properties": {
        "name": "Sareni",
        "source": "nominatim",
        "marker-color": "#0066ff",
        "marker-size": "small"
      }
    },
    {
      "type": "Feature",
      "geometry": {
        "type": "Point",
        "coordinates": [
          26.68933937058914,
          45.09867376711733
        ]
      },
      "properties": {
        "name": "Scorţeanca",
        "source": "route_interpolated",
        "marker-color": "#00cccc",
        "marker-size": "small"
      }
    },
    {
      "type": "Feature",
      "geometry": {
        "type": "Point",
        "coordinates": [
          26.6636696,
          45.3668014
        ]
      },
      "properties": {
        "name": "Scorţoasa",
        "source": "osm",
        "marker-color": "#00aa00",
        "marker-size": "small"
      }
    },
    {
      "type": "Feature",
      "geometry": {
        "type": "Point",
        "coordinates": [
          26.3920528,
          45.221451
        ]
      },
      "properties": {
        "name": "Scărişoara",
        "source": "nominatim",
        "marker-color": "#0066ff",
        "marker-size": "small"
      }
    },
    {
      "type": "Feature",
      "geometry": {
        "type": "Point",
        "coordinates": [
          26.7611134,
          45.2549007
        ]
      },
      "properties": {
        "name": "Scărlăteşti",
        "source": "osm",
        "marker-color": "#00aa00",
        "marker-size": "small"
      }
    },
    {
      "type": "Feature",
      "geometry": {
        "type": "Point",
        "coordinates": [
          26.3772124,
          45.3181786
        ]
      },
      "properties": {
        "name": "Sibiciu de Jos",
        "source": "nominatim",
        "marker-color": "#0066ff",
        "marker-size": "small"
      }
    },
    {
      "type": "Feature",
      "geometry": {
        "type": "Point",
        "coordinates": [
          26.3574905,
          45.3402243
        ]
      },
      "properties": {
        "name": "Sibiciu de Sus",
        "source": "nominatim",
        "marker-color": "#0066ff",
        "marker-size": "small"
      }
    },
    {
      "type": "Feature",
      "geometry": {
        "type": "Point",
        "coordinates": [
          26.360867086310186,
          45.34276041065287
        ]
      },
      "properties": {
        "name": "Sibiciu de Sus Cămin",
        "source": "osrm_interpolated",
        "marker-color": "#aa00aa",
        "marker-size": "small"
      }
    },
    {
      "type": "Feature",
      "geometry": {
        "type": "Point",
        "coordinates": [
          26.8590471,
          44.9965797
        ]
      },
      "properties": {
        "name": "Smeeni",
        "source": "osm",
        "marker-color": "#00aa00",
        "marker-size": "small"
      }
    },
    {
      "type": "Feature",
      "geometry": {
        "type": "Point",
        "coordinates": [
          26.8899903,
          45.3764877
        ]
      },
      "properties": {
        "name": "Soreşti 1",
        "source": "osm",
        "marker-color": "#00aa00",
        "marker-size": "small"
      }
    },
    {
      "type": "Feature",
      "geometry": {
        "type": "Point",
        "coordinates": [
          26.77699499808449,
          45.08728129328798
        ]
      },
      "properties": {
        "name": "Spătaru Gomoiești Ramificație",
        "source": "osrm_interpolated",
        "marker-color": "#aa00aa",
        "marker-size": "small"
      }
    },
    {
      "type": "Feature",
      "geometry": {
        "type": "Point",
        "coordinates": [
          26.77879229777986,
          45.09230556144071
        ]
      },
      "properties": {
        "name": "Spătaru Școală",
        "source": "osrm_interpolated",
        "marker-color": "#aa00aa",
        "marker-size": "small"
      }
    },
    {
      "type": "Feature",
      "geometry": {
        "type": "Point",
        "coordinates": [
          26.937358328884905,
          45.080219916643145
        ]
      },
      "properties": {
        "name": "Sudiţi Aliceni",
        "source": "osrm_interpolated",
        "marker-color": "#aa00aa",
        "marker-size": "small"
      }
    },
    {
      "type": "Feature",
      "geometry": {
        "type": "Point",
        "coordinates": [
          26.807697468673336,
          45.021137416781656
        ]
      },
      "properties": {
        "name": "Sudiți",
        "source": "route_interpolated",
        "marker-color": "#00cccc",
        "marker-size": "small"
      }
    },
    {
      "type": "Feature",
      "geometry": {
        "type": "Point",
        "coordinates": [
          26.703154,
          45.4768497
        ]
      },
      "properties": {
        "name": "Sârbeşti",
        "source": "nominatim",
        "marker-color": "#0066ff",
        "marker-size": "small"
      }
    },
    {
      "type": "Feature",
      "geometry": {
        "type": "Point",
        "coordinates": [
          26.519525957693272,
          45.033971641095064
        ]
      },
      "properties": {
        "name": "Săhăteni 1",
        "source": "osrm_interpolated",
        "marker-color": "#aa00aa",
        "marker-size": "small"
      }
    },
    {
      "type": "Feature",
      "geometry": {
        "type": "Point",
        "coordinates": [
          26.512655283340123,
          45.04231236946787
        ]
      },
      "properties": {
        "name": "Săhăteni 2",
        "source": "osrm_interpolated",
        "marker-color": "#aa00aa",
        "marker-size": "small"
      }
    },
    {
      "type": "Feature",
      "geometry": {
        "type": "Point",
        "coordinates": [
          26.87092210679627,
          44.992338089305896
        ]
      },
      "properties": {
        "name": "Sălcioara",
        "source": "route_interpolated",
        "marker-color": "#00cccc",
        "marker-size": "small"
      }
    },
    {
      "type": "Feature",
      "geometry": {
        "type": "Point",
        "coordinates": [
          27.1752971,
          45.3089411
        ]
      },
      "properties": {
        "name": "Sălcioara Centru",
        "source": "osm",
        "marker-color": "#00aa00",
        "marker-size": "small"
      }
    },
    {
      "type": "Feature",
      "geometry": {
        "type": "Point",
        "coordinates": [
          27.1780035,
          45.3053598
        ]
      },
      "properties": {
        "name": "Sălcioara Dispensar",
        "source": "osm",
        "marker-color": "#00aa00",
        "marker-size": "small"
      }
    },
    {
      "type": "Feature",
      "geometry": {
        "type": "Point",
        "coordinates": [
          27.1709733,
          45.3118067
        ]
      },
      "properties": {
        "name": "Sălcioara Pod",
        "source": "osm",
        "marker-color": "#00aa00",
        "marker-size": "small"
      }
    },
    {
      "type": "Feature",
      "geometry": {
        "type": "Point",
        "coordinates": [
          26.75562052115261,
          45.249770220259194
        ]
      },
      "properties": {
        "name": "Săpoca Pod",
        "source": "transbus",
        "marker-color": "#ff0000",
        "marker-size": "small"
      }
    },
    {
      "type": "Feature",
      "geometry": {
        "type": "Point",
        "coordinates": [
          26.744586512613033,
          45.23451437505977
        ]
      },
      "properties": {
        "name": "Săpoca Poliţie",
        "source": "osrm_interpolated",
        "marker-color": "#aa00aa",
        "marker-size": "small"
      }
    },
    {
      "type": "Feature",
      "geometry": {
        "type": "Point",
        "coordinates": [
          26.6055831,
          45.0603479
        ]
      },
      "properties": {
        "name": "Sărata",
        "source": "nominatim",
        "marker-color": "#0066ff",
        "marker-size": "small"
      }
    },
    {
      "type": "Feature",
      "geometry": {
        "type": "Point",
        "coordinates": [
          26.7506756,
          45.5330367
        ]
      },
      "properties": {
        "name": "Sările",
        "source": "nominatim",
        "marker-color": "#0066ff",
        "marker-size": "small"
      }
    },
    {
      "type": "Feature",
      "geometry": {
        "type": "Point",
        "coordinates": [
          26.749923,
          45.501913982512065
        ]
      },
      "properties": {
        "name": "Sările ramificaţie",
        "source": "osrm_interpolated",
        "marker-color": "#aa00aa",
        "marker-size": "small"
      }
    },
    {
      "type": "Feature",
      "geometry": {
        "type": "Point",
        "coordinates": [
          26.7661278,
          45.4843746
        ]
      },
      "properties": {
        "name": "Săruleşti",
        "source": "nominatim",
        "marker-color": "#0066ff",
        "marker-size": "small"
      }
    },
    {
      "type": "Feature",
      "geometry": {
        "type": "Point",
        "coordinates": [
          26.6678756,
          45.2795662
        ]
      },
      "properties": {
        "name": "Sătuc",
        "source": "osm",
        "marker-color": "#00aa00",
        "marker-size": "small"
      }
    },
    {
      "type": "Feature",
      "geometry": {
        "type": "Point",
        "coordinates": [
          26.36111135457767,
          45.25599140754369
        ]
      },
      "properties": {
        "name": "Tainița",
        "source": "route_interpolated",
        "marker-color": "#00cccc",
        "marker-size": "small"
      }
    },
    {
      "type": "Feature",
      "geometry": {
        "type": "Point",
        "coordinates": [
          26.3770304,
          45.2761494
        ]
      },
      "properties": {
        "name": "Tega",
        "source": "nominatim",
        "marker-color": "#0066ff",
        "marker-size": "small"
      }
    },
    {
      "type": "Feature",
      "geometry": {
        "type": "Point",
        "coordinates": [
          26.280392611751694,
          45.255391256065394
        ]
      },
      "properties": {
        "name": "Toca",
        "source": "osrm_interpolated",
        "marker-color": "#aa00aa",
        "marker-size": "small"
      }
    },
    {
      "type": "Feature",
      "geometry": {
        "type": "Point",
        "coordinates": [
          26.69980870017986,
          45.477161782132875
        ]
      },
      "properties": {
        "name": "Topliceni 1 Primărie",
        "source": "osrm_interpolated",
        "marker-color": "#aa00aa",
        "marker-size": "small"
      }
    },
    {
      "type": "Feature",
      "geometry": {
        "type": "Point",
        "coordinates": [
          26.721829081643904,
          45.472396655722285
        ]
      },
      "properties": {
        "name": "Topliceni 2",
        "source": "osrm_interpolated",
        "marker-color": "#aa00aa",
        "marker-size": "small"
      }
    },
    {
      "type": "Feature",
      "geometry": {
        "type": "Point",
        "coordinates": [
          26.74432487484804,
          45.46233817153798
        ]
      },
      "properties": {
        "name": "Topliceni 3",
        "source": "osrm_interpolated",
        "marker-color": "#aa00aa",
        "marker-size": "small"
      }
    },
    {
      "type": "Feature",
      "geometry": {
        "type": "Point",
        "coordinates": [
          26.5152831,
          45.3277587
        ]
      },
      "properties": {
        "name": "Trestia 1",
        "source": "osm",
        "marker-color": "#00aa00",
        "marker-size": "small"
      }
    },
    {
      "type": "Feature",
      "geometry": {
        "type": "Point",
        "coordinates": [
          26.5152831,
          45.3277587
        ]
      },
      "properties": {
        "name": "Trestia 2",
        "source": "osm",
        "marker-color": "#00aa00",
        "marker-size": "small"
      }
    },
    {
      "type": "Feature",
      "geometry": {
        "type": "Point",
        "coordinates": [
          26.43787822831143,
          45.227470764725894
        ]
      },
      "properties": {
        "name": "Tronari Ramificație",
        "source": "osrm_interpolated",
        "marker-color": "#aa00aa",
        "marker-size": "small"
      }
    },
    {
      "type": "Feature",
      "geometry": {
        "type": "Point",
        "coordinates": [
          26.6386822,
          45.0816585
        ]
      },
      "properties": {
        "name": "Ulmeni",
        "source": "nominatim",
        "marker-color": "#0066ff",
        "marker-size": "small"
      }
    },
    {
      "type": "Feature",
      "geometry": {
        "type": "Point",
        "coordinates": [
          26.651517,
          45.0815382
        ]
      },
      "properties": {
        "name": "Ulmeni Gară",
        "source": "nominatim",
        "marker-color": "#0066ff",
        "marker-size": "small"
      }
    },
    {
      "type": "Feature",
      "geometry": {
        "type": "Point",
        "coordinates": [
          26.634128135866327,
          45.28107798778804
        ]
      },
      "properties": {
        "name": "Unguriu 1",
        "source": "osrm_interpolated",
        "marker-color": "#aa00aa",
        "marker-size": "small"
      }
    },
    {
      "type": "Feature",
      "geometry": {
        "type": "Point",
        "coordinates": [
          26.616225953586493,
          45.279413753680466
        ]
      },
      "properties": {
        "name": "Unguriu 2",
        "source": "osrm_interpolated",
        "marker-color": "#aa00aa",
        "marker-size": "small"
      }
    },
    {
      "type": "Feature",
      "geometry": {
        "type": "Point",
        "coordinates": [
          26.876304778327825,
          45.31473535495165
        ]
      },
      "properties": {
        "name": "Vadu Soreşti 1",
        "source": "osrm_interpolated",
        "marker-color": "#aa00aa",
        "marker-size": "small"
      }
    },
    {
      "type": "Feature",
      "geometry": {
        "type": "Point",
        "coordinates": [
          26.867753394461495,
          45.32088613946412
        ]
      },
      "properties": {
        "name": "Vadu Soreşti 2",
        "source": "osrm_interpolated",
        "marker-color": "#aa00aa",
        "marker-size": "small"
      }
    },
    {
      "type": "Feature",
      "geometry": {
        "type": "Point",
        "coordinates": [
          26.508412530303392,
          45.397312708134876
        ]
      },
      "properties": {
        "name": "Valea Fântânii",
        "source": "route_interpolated",
        "marker-color": "#00cccc",
        "marker-size": "small"
      }
    },
    {
      "type": "Feature",
      "geometry": {
        "type": "Point",
        "coordinates": [
          26.8942775,
          45.4139866
        ]
      },
      "properties": {
        "name": "Valea Largă",
        "source": "osm",
        "marker-color": "#00aa00",
        "marker-size": "small"
      }
    },
    {
      "type": "Feature",
      "geometry": {
        "type": "Point",
        "coordinates": [
          26.3454632,
          45.3509962
        ]
      },
      "properties": {
        "name": "Valea Lupului",
        "source": "nominatim",
        "marker-color": "#0066ff",
        "marker-size": "small"
      }
    },
    {
      "type": "Feature",
      "geometry": {
        "type": "Point",
        "coordinates": [
          27.0373994,
          45.3660677
        ]
      },
      "properties": {
        "name": "Valea Nucului 1",
        "source": "osm",
        "marker-color": "#00aa00",
        "marker-size": "small"
      }
    },
    {
      "type": "Feature",
      "geometry": {
        "type": "Point",
        "coordinates": [
          27.0373994,
          45.3660677
        ]
      },
      "properties": {
        "name": "Valea Nucului 2",
        "source": "osm",
        "marker-color": "#00aa00",
        "marker-size": "small"
      }
    },
    {
      "type": "Feature",
      "geometry": {
        "type": "Point",
        "coordinates": [
          26.758341048406777,
          45.25125579643239
        ]
      },
      "properties": {
        "name": "Valea Puţului",
        "source": "route_interpolated",
        "marker-color": "#00cccc",
        "marker-size": "small"
      }
    },
    {
      "type": "Feature",
      "geometry": {
        "type": "Point",
        "coordinates": [
          26.774685245636437,
          45.36627056760359
        ]
      },
      "properties": {
        "name": "Valea Părului",
        "source": "route_interpolated",
        "marker-color": "#00cccc",
        "marker-size": "small"
      }
    },
    {
      "type": "Feature",
      "geometry": {
        "type": "Point",
        "coordinates": [
          27.0373994,
          45.3660677
        ]
      },
      "properties": {
        "name": "Valea Rîmnicului",
        "source": "osm",
        "marker-color": "#00aa00",
        "marker-size": "small"
      }
    },
    {
      "type": "Feature",
      "geometry": {
        "type": "Point",
        "coordinates": [
          26.8942775,
          45.4139866
        ]
      },
      "properties": {
        "name": "Valea Salciei",
        "source": "osm",
        "marker-color": "#00aa00",
        "marker-size": "small"
      }
    },
    {
      "type": "Feature",
      "geometry": {
        "type": "Point",
        "coordinates": [
          26.3584069,
          45.2771274
        ]
      },
      "properties": {
        "name": "Valea Seacă",
        "source": "nominatim",
        "marker-color": "#0066ff",
        "marker-size": "small"
      }
    },
    {
      "type": "Feature",
      "geometry": {
        "type": "Point",
        "coordinates": [
          26.633835583253,
          45.39355453723208
        ]
      },
      "properties": {
        "name": "Valea Verzii",
        "source": "osrm_interpolated",
        "marker-color": "#aa00aa",
        "marker-size": "small"
      }
    },
    {
      "type": "Feature",
      "geometry": {
        "type": "Point",
        "coordinates": [
          26.4415445,
          45.5089008
        ]
      },
      "properties": {
        "name": "Varlaam",
        "source": "nominatim",
        "marker-color": "#0066ff",
        "marker-size": "small"
      }
    },
    {
      "type": "Feature",
      "geometry": {
        "type": "Point",
        "coordinates": [
          26.36800415323362,
          45.45701162403858
        ]
      },
      "properties": {
        "name": "Vascu",
        "source": "osrm_interpolated",
        "marker-color": "#aa00aa",
        "marker-size": "small"
      }
    },
    {
      "type": "Feature",
      "geometry": {
        "type": "Point",
        "coordinates": [
          26.7341437,
          45.2031769
        ]
      },
      "properties": {
        "name": "Verneşti ( Troita)",
        "source": "nominatim",
        "marker-color": "#0066ff",
        "marker-size": "small"
      }
    },
    {
      "type": "Feature",
      "geometry": {
        "type": "Point",
        "coordinates": [
          26.7289312,
          45.203842
        ]
      },
      "properties": {
        "name": "Verneşti Ginar",
        "source": "osm",
        "marker-color": "#00aa00",
        "marker-size": "small"
      }
    },
    {
      "type": "Feature",
      "geometry": {
        "type": "Point",
        "coordinates": [
          26.648365758109946,
          45.08282408814323
        ]
      },
      "properties": {
        "name": "Vilcele",
        "source": "route_interpolated",
        "marker-color": "#00cccc",
        "marker-size": "small"
      }
    },
    {
      "type": "Feature",
      "geometry": {
        "type": "Point",
        "coordinates": [
          26.5789965,
          44.9815467
        ]
      },
      "properties": {
        "name": "Vintileanca",
        "source": "nominatim",
        "marker-color": "#0066ff",
        "marker-size": "small"
      }
    },
    {
      "type": "Feature",
      "geometry": {
        "type": "Point",
        "coordinates": [
          26.733920297184884,
          45.4651707711699
        ]
      },
      "properties": {
        "name": "Vintilă Vodă magazin COOP",
        "source": "osrm_interpolated",
        "marker-color": "#aa00aa",
        "marker-size": "small"
      }
    },
    {
      "type": "Feature",
      "geometry": {
        "type": "Point",
        "coordinates": [
          26.723184321818078,
          45.47132225705907
        ]
      },
      "properties": {
        "name": "Vintilă Vodă ocol",
        "source": "osrm_interpolated",
        "marker-color": "#aa00aa",
        "marker-size": "small"
      }
    },
    {
      "type": "Feature",
      "geometry": {
        "type": "Point",
        "coordinates": [
          26.745061599379344,
          45.463574405074276
        ]
      },
      "properties": {
        "name": "Vintilă Vodă ramificaţie",
        "source": "osrm_interpolated",
        "marker-color": "#aa00aa",
        "marker-size": "small"
      }
    },
    {
      "type": "Feature",
      "geometry": {
        "type": "Point",
        "coordinates": [
          26.74164297508643,
          45.458410825489935
        ]
      },
      "properties": {
        "name": "Vintilă Vodă spital",
        "source": "osrm_interpolated",
        "marker-color": "#aa00aa",
        "marker-size": "small"
      }
    },
    {
      "type": "Feature",
      "geometry": {
        "type": "Point",
        "coordinates": [
          26.4634118,
          45.2276934
        ]
      },
      "properties": {
        "name": "Viperești",
        "source": "nominatim",
        "marker-color": "#0066ff",
        "marker-size": "small"
      }
    },
    {
      "type": "Feature",
      "geometry": {
        "type": "Point",
        "coordinates": [
          26.5202356,
          45.0972831
        ]
      },
      "properties": {
        "name": "Vispesti",
        "source": "nominatim",
        "marker-color": "#0066ff",
        "marker-size": "small"
      }
    },
    {
      "type": "Feature",
      "geometry": {
        "type": "Point",
        "coordinates": [
          27.1960184,
          45.0476428
        ]
      },
      "properties": {
        "name": "Vizireni*",
        "source": "nominatim",
        "marker-color": "#0066ff",
        "marker-size": "small"
      }
    },
    {
      "type": "Feature",
      "geometry": {
        "type": "Point",
        "coordinates": [
          27.3549867,
          45.3403116
        ]
      },
      "properties": {
        "name": "Vâlcelele",
        "source": "osm",
        "marker-color": "#00aa00",
        "marker-size": "small"
      }
    },
    {
      "type": "Feature",
      "geometry": {
        "type": "Point",
        "coordinates": [
          26.5062908,
          45.0920163
        ]
      },
      "properties": {
        "name": "Văleanca Vilănești",
        "source": "nominatim",
        "marker-color": "#0066ff",
        "marker-size": "small"
      }
    },
    {
      "type": "Feature",
      "geometry": {
        "type": "Point",
        "coordinates": [
          26.3758266,
          45.2979357
        ]
      },
      "properties": {
        "name": "Zaharești",
        "source": "nominatim",
        "marker-color": "#0066ff",
        "marker-size": "small"
      }
    },
    {
      "type": "Feature",
      "geometry": {
        "type": "Point",
        "coordinates": [
          27.0773992,
          45.2854193
        ]
      },
      "properties": {
        "name": "Ziduri",
        "source": "nominatim",
        "marker-color": "#0066ff",
        "marker-size": "small"
      }
    },
    {
      "type": "Feature",
      "geometry": {
        "type": "Point",
        "coordinates": [
          26.8697025,
          45.2493483
        ]
      },
      "properties": {
        "name": "Zilişteanca",
        "source": "nominatim",
        "marker-color": "#0066ff",
        "marker-size": "small"
      }
    },
    {
      "type": "Feature",
      "geometry": {
        "type": "Point",
        "coordinates": [
          27.0229562,
          45.2867506
        ]
      },
      "properties": {
        "name": "Zoița",
        "source": "nominatim",
        "marker-color": "#0066ff",
        "marker-size": "small"
      }
    },
    {
      "type": "Feature",
      "geometry": {
        "type": "Point",
        "coordinates": [
          26.870929,
          45.2977942
        ]
      },
      "properties": {
        "name": "Zărneşti",
        "source": "nominatim",
        "marker-color": "#0066ff",
        "marker-size": "small"
      }
    },
    {
      "type": "Feature",
      "geometry": {
        "type": "Point",
        "coordinates": [
          26.7533508,
          45.2787946
        ]
      },
      "properties": {
        "name": "Zărneşti Slănic",
        "source": "osm",
        "marker-color": "#00aa00",
        "marker-size": "small"
      }
    },
    {
      "type": "Feature",
      "geometry": {
        "type": "Point",
        "coordinates": [
          26.7533508,
          45.2787946
        ]
      },
      "properties": {
        "name": "Zărneşti de Slănic",
        "source": "osm",
        "marker-color": "#00aa00",
        "marker-size": "small"
      }
    },
    {
      "type": "Feature",
      "geometry": {
        "type": "Point",
        "coordinates": [
          26.613695,
          45.0962069
        ]
      },
      "properties": {
        "name": "Şaranga magazin Paul",
        "source": "osm",
        "marker-color": "#00aa00",
        "marker-size": "small"
      }
    },
    {
      "type": "Feature",
      "geometry": {
        "type": "Point",
        "coordinates": [
          26.6091595,
          45.093861
        ]
      },
      "properties": {
        "name": "Şarânga Magazin Zaplaic",
        "source": "osm",
        "marker-color": "#00aa00",
        "marker-size": "small"
      }
    },
    {
      "type": "Feature",
      "geometry": {
        "type": "Point",
        "coordinates": [
          26.6122449,
          45.0919437
        ]
      },
      "properties": {
        "name": "Şarânga Școală",
        "source": "osm",
        "marker-color": "#00aa00",
        "marker-size": "small"
      }
    },
    {
      "type": "Feature",
      "geometry": {
        "type": "Point",
        "coordinates": [
          26.5860825,
          45.4106354
        ]
      },
      "properties": {
        "name": "Șuchea",
        "source": "nominatim",
        "marker-color": "#0066ff",
        "marker-size": "small"
      }
    }
  ]
}